Time;Symbol;FloatingPnL;Magic;PnLPercent
2025.07.17 19:16;NZDUSD;-23.00;0;-0.23
2025.07.17 19:16;AUDUSD;-16.00;0;-0.16
2025.07.17 19:16;TOTAL;-39.00;-;-0.39
2025.07.17 19:17;NZDUSD;-19.00;0;-0.19
2025.07.17 19:17;AUDUSD;-20.00;0;-0.20
2025.07.17 19:17;TOTAL;-39.00;-;-0.39
2025.07.17 19:18;NZDUSD;-23.00;0;-0.23
2025.07.17 19:18;AUDUSD;-16.00;0;-0.16
2025.07.17 19:18;TOTAL;-39.00;-;-0.39
2025.07.17 19:19;NZDUSD;-29.00;0;-0.29
2025.07.17 19:19;AUDUSD;-11.00;0;-0.11
2025.07.17 19:19;TOTAL;-40.00;-;-0.40
2025.07.17 19:20;NZDUSD;-32.00;0;-0.32
2025.07.17 19:20;AUDUSD;-6.00;0;-0.06
2025.07.17 19:20;TOTAL;-38.00;-;-0.38
2025.07.17 19:21;NZDUSD;-25.00;0;-0.25
2025.07.17 19:21;AUDUSD;-13.00;0;-0.13
2025.07.17 19:21;TOTAL;-38.00;-;-0.38
2025.07.17 19:22;NZDUSD;-33.00;0;-0.33
2025.07.17 19:22;AUDUSD;-6.00;0;-0.06
2025.07.17 19:22;TOTAL;-39.00;-;-0.39
2025.07.17 19:23;NZDUSD;-32.00;0;-0.32
2025.07.17 19:23;AUDUSD;-10.00;0;-0.10
2025.07.17 19:23;TOTAL;-42.00;-;-0.42
2025.07.17 19:24;NZDUSD;-28.00;0;-0.28
2025.07.17 19:24;AUDUSD;-15.00;0;-0.15
2025.07.17 19:24;TOTAL;-43.00;-;-0.43
2025.07.17 19:25;NZDUSD;-24.00;0;-0.24
2025.07.17 19:25;AUDUSD;-20.00;0;-0.20
2025.07.17 19:25;TOTAL;-44.00;-;-0.44
2025.07.17 19:26;NZDUSD;-27.00;0;-0.27
2025.07.17 19:26;AUDUSD;-19.00;0;-0.19
2025.07.17 19:26;TOTAL;-46.00;-;-0.46
2025.07.17 19:27;NZDUSD;-32.00;0;-0.32
2025.07.17 19:27;AUDUSD;-15.00;0;-0.15
2025.07.17 19:27;TOTAL;-47.00;-;-0.47
2025.07.17 19:28;NZDUSD;-29.00;0;-0.29
2025.07.17 19:28;AUDUSD;-18.00;0;-0.18
2025.07.17 19:28;TOTAL;-47.00;-;-0.47
2025.07.17 19:29;NZDUSD;-24.00;0;-0.24
2025.07.17 19:29;AUDUSD;-20.00;0;-0.20
2025.07.17 19:29;TOTAL;-44.00;-;-0.44
2025.07.17 19:30;NZDUSD;-27.00;0;-0.27
2025.07.17 19:30;AUDUSD;-15.00;0;-0.15
2025.07.17 19:30;TOTAL;-42.00;-;-0.42
2025.07.17 19:31;NZDUSD;-32.00;0;-0.32
2025.07.17 19:31;AUDUSD;-10.00;0;-0.10
2025.07.17 19:31;TOTAL;-42.00;-;-0.42
2025.07.17 19:32;NZDUSD;-36.00;0;-0.36
2025.07.17 19:32;AUDUSD;-6.00;0;-0.06
2025.07.17 19:32;TOTAL;-42.00;-;-0.42
2025.07.17 19:33;NZDUSD;-29.00;0;-0.29
2025.07.17 19:33;AUDUSD;-11.00;0;-0.11
2025.07.17 19:33;TOTAL;-40.00;-;-0.40
2025.07.17 19:34;NZDUSD;-32.00;0;-0.32
2025.07.17 19:34;AUDUSD;-7.00;0;-0.07
2025.07.17 19:34;TOTAL;-39.00;-;-0.39
2025.07.17 19:35;NZDUSD;-34.00;0;-0.34
2025.07.17 19:35;AUDUSD;-10.00;0;-0.10
2025.07.17 19:35;TOTAL;-44.00;-;-0.44
2025.07.17 19:36;NZDUSD;-36.00;0;-0.36
2025.07.17 19:36;AUDUSD;-6.00;0;-0.06
2025.07.17 19:36;TOTAL;-42.00;-;-0.42
2025.07.17 19:37;NZDUSD;-46.00;0;-0.46
2025.07.17 19:37;AUDUSD;6.00;0;0.06
2025.07.17 19:37;TOTAL;-40.00;-;-0.40
2025.07.17 19:38;NZDUSD;-55.00;0;-0.55
2025.07.17 19:38;AUDUSD;16.00;0;0.16
2025.07.17 19:38;TOTAL;-39.00;-;-0.39
2025.07.17 19:39;NZDUSD;-75.00;0;-0.75
2025.07.17 19:39;AUDUSD;37.00;0;0.37
2025.07.17 19:39;TOTAL;-38.00;-;-0.38
2025.07.17 19:40;NZDUSD;-80.00;0;-0.80
2025.07.17 19:40;AUDUSD;31.00;0;0.31
2025.07.17 19:40;TOTAL;-49.00;-;-0.49
2025.07.17 19:41;NZDUSD;-86.00;0;-0.86
2025.07.17 19:41;AUDUSD;35.00;0;0.35
2025.07.17 19:41;TOTAL;-51.00;-;-0.51
2025.07.17 19:42;NZDUSD;-82.00;0;-0.82
2025.07.17 19:42;AUDUSD;30.00;0;0.30
2025.07.17 19:42;TOTAL;-52.00;-;-0.52
2025.07.17 19:43;NZDUSD;-78.00;0;-0.78
2025.07.17 19:43;AUDUSD;25.00;0;0.25
2025.07.17 19:43;TOTAL;-53.00;-;-0.53
2025.07.17 19:44;NZDUSD;-94.00;0;-0.94
2025.07.17 19:44;AUDUSD;39.00;0;0.39
2025.07.17 19:44;TOTAL;-55.00;-;-0.55
2025.07.17 19:45;NZDUSD;-104.00;0;-1.04
2025.07.17 19:45;AUDUSD;50.00;0;0.50
2025.07.17 19:45;TOTAL;-54.00;-;-0.54
2025.07.17 19:46;NZDUSD;-98.00;0;-0.98
2025.07.17 19:46;AUDUSD;43.00;0;0.43
2025.07.17 19:46;TOTAL;-55.00;-;-0.55
2025.07.17 19:47;NZDUSD;-94.00;0;-0.94
2025.07.17 19:47;AUDUSD;41.00;0;0.41
2025.07.17 19:47;TOTAL;-53.00;-;-0.53
2025.07.17 19:48;NZDUSD;-99.00;0;-0.99
2025.07.17 19:48;AUDUSD;47.00;0;0.47
2025.07.17 19:48;TOTAL;-52.00;-;-0.52
2025.07.17 19:49;NZDUSD;-99.00;0;-0.99
2025.07.17 19:49;AUDUSD;46.00;0;0.46
2025.07.17 19:49;TOTAL;-53.00;-;-0.53
2025.07.17 19:50;NZDUSD;-102.00;0;-1.02
2025.07.17 19:50;AUDUSD;46.00;0;0.46
2025.07.17 19:50;TOTAL;-56.00;-;-0.56
2025.07.17 19:51;NZDUSD;-106.00;0;-1.06
2025.07.17 19:51;AUDUSD;50.00;0;0.50
2025.07.17 19:51;TOTAL;-56.00;-;-0.56
2025.07.17 19:52;NZDUSD;-111.00;0;-1.11
2025.07.17 19:52;AUDUSD;55.00;0;0.55
2025.07.17 19:52;TOTAL;-56.00;-;-0.56
2025.07.17 19:53;NZDUSD;-111.00;0;-1.11
2025.07.17 19:53;AUDUSD;56.00;0;0.56
2025.07.17 19:53;TOTAL;-55.00;-;-0.55
2025.07.17 19:54;NZDUSD;-116.00;0;-1.16
2025.07.17 19:54;AUDUSD;60.00;0;0.60
2025.07.17 19:54;TOTAL;-56.00;-;-0.56
2025.07.17 19:55;NZDUSD;-95.00;0;-0.95
2025.07.17 19:55;AUDUSD;43.00;0;0.43
2025.07.17 19:55;TOTAL;-52.00;-;-0.52
2025.07.17 19:56;NZDUSD;-110.00;0;-1.10
2025.07.17 19:56;AUDUSD;54.00;0;0.54
2025.07.17 19:56;TOTAL;-56.00;-;-0.56
2025.07.17 19:57;NZDUSD;-98.00;0;-0.98
2025.07.17 19:57;AUDUSD;43.00;0;0.43
2025.07.17 19:57;TOTAL;-55.00;-;-0.55
2025.07.17 19:58;NZDUSD;-90.00;0;-0.90
2025.07.17 19:58;AUDUSD;38.00;0;0.38
2025.07.17 19:58;TOTAL;-52.00;-;-0.52
2025.07.17 19:59;NZDUSD;-84.00;0;-0.84
2025.07.17 19:59;AUDUSD;31.00;0;0.31
2025.07.17 19:59;TOTAL;-53.00;-;-0.53
2025.07.17 20:00;NZDUSD;-85.00;0;-0.85
2025.07.17 20:00;AUDUSD;31.00;0;0.31
2025.07.17 20:00;TOTAL;-54.00;-;-0.54
2025.07.17 20:01;NZDUSD;-81.00;0;-0.81
2025.07.17 20:01;AUDUSD;25.00;0;0.25
2025.07.17 20:01;TOTAL;-56.00;-;-0.56
2025.07.17 20:02;NZDUSD;-85.00;0;-0.85
2025.07.17 20:02;AUDUSD;25.00;0;0.25
2025.07.17 20:02;TOTAL;-60.00;-;-0.60
2025.07.17 20:03;NZDUSD;-88.00;0;-0.88
2025.07.17 20:03;AUDUSD;26.00;0;0.26
2025.07.17 20:03;TOTAL;-62.00;-;-0.62
2025.07.17 20:04;NZDUSD;-91.00;0;-0.91
2025.07.17 20:04;AUDUSD;30.00;0;0.30
2025.07.17 20:04;TOTAL;-61.00;-;-0.61
2025.07.17 20:05;NZDUSD;-86.00;0;-0.86
2025.07.17 20:05;AUDUSD;29.00;0;0.29
2025.07.17 20:05;TOTAL;-57.00;-;-0.57
2025.07.17 20:06;NZDUSD;-77.00;0;-0.77
2025.07.17 20:06;AUDUSD;20.00;0;0.20
2025.07.17 20:06;TOTAL;-57.00;-;-0.57
2025.07.17 20:07;NZDUSD;-72.00;0;-0.72
2025.07.17 20:07;AUDUSD;11.00;0;0.11
2025.07.17 20:07;TOTAL;-61.00;-;-0.61
2025.07.17 20:08;NZDUSD;-67.00;0;-0.67
2025.07.17 20:08;AUDUSD;9.00;0;0.09
2025.07.17 20:08;TOTAL;-58.00;-;-0.58
2025.07.17 20:09;NZDUSD;-62.00;0;-0.62
2025.07.17 20:09;AUDUSD;4.00;0;0.04
2025.07.17 20:09;TOTAL;-58.00;-;-0.58
2025.07.17 20:10;NZDUSD;-63.00;0;-0.63
2025.07.17 20:10;AUDUSD;7.00;0;0.07
2025.07.17 20:10;TOTAL;-56.00;-;-0.56
2025.07.17 20:11;NZDUSD;-63.00;0;-0.63
2025.07.17 20:11;AUDUSD;7.00;0;0.07
2025.07.17 20:11;TOTAL;-56.00;-;-0.56
2025.07.17 20:12;NZDUSD;-59.00;0;-0.59
2025.07.17 20:12;AUDUSD;4.00;0;0.04
2025.07.17 20:12;TOTAL;-55.00;-;-0.55
2025.07.17 20:13;NZDUSD;-59.00;0;-0.59
2025.07.17 20:13;AUDUSD;3.00;0;0.03
2025.07.17 20:13;TOTAL;-56.00;-;-0.56
2025.07.17 20:14;NZDUSD;-59.00;0;-0.59
2025.07.17 20:14;AUDUSD;-1.00;0;-0.01
2025.07.17 20:14;TOTAL;-60.00;-;-0.60
2025.07.17 20:15;NZDUSD;-62.00;0;-0.62
2025.07.17 20:15;AUDUSD;0.00;0;0.00
2025.07.17 20:15;TOTAL;-62.00;-;-0.62
2025.07.17 20:16;NZDUSD;-56.00;0;-0.56
2025.07.17 20:16;AUDUSD;-1.00;0;-0.01
2025.07.17 20:16;TOTAL;-57.00;-;-0.57
2025.07.17 20:17;NZDUSD;-54.00;0;-0.54
2025.07.17 20:17;AUDUSD;-5.00;0;-0.05
2025.07.17 20:17;TOTAL;-59.00;-;-0.59
2025.07.17 20:18;NZDUSD;-55.00;0;-0.55
2025.07.17 20:18;AUDUSD;-5.00;0;-0.05
2025.07.17 20:18;TOTAL;-60.00;-;-0.60
2025.07.17 20:19;NZDUSD;-56.00;0;-0.56
2025.07.17 20:19;AUDUSD;-5.00;0;-0.05
2025.07.17 20:19;TOTAL;-61.00;-;-0.61
2025.07.17 20:20;NZDUSD;-54.00;0;-0.54
2025.07.17 20:20;AUDUSD;-10.00;0;-0.10
2025.07.17 20:20;TOTAL;-64.00;-;-0.64
2025.07.17 20:21;NZDUSD;-59.00;0;-0.59
2025.07.17 20:21;AUDUSD;0.00;0;0.00
2025.07.17 20:21;TOTAL;-59.00;-;-0.59
2025.07.17 20:22;NZDUSD;-63.00;0;-0.63
2025.07.17 20:22;AUDUSD;3.00;0;0.03
2025.07.17 20:22;TOTAL;-60.00;-;-0.60
2025.07.17 20:23;NZDUSD;-66.00;0;-0.66
2025.07.17 20:23;AUDUSD;8.00;0;0.08
2025.07.17 20:23;TOTAL;-58.00;-;-0.58
2025.07.17 20:24;NZDUSD;-62.00;0;-0.62
2025.07.17 20:24;AUDUSD;3.00;0;0.03
2025.07.17 20:24;TOTAL;-59.00;-;-0.59
2025.07.17 20:25;NZDUSD;-64.00;0;-0.64
2025.07.17 20:25;AUDUSD;3.00;0;0.03
2025.07.17 20:25;TOTAL;-61.00;-;-0.61
2025.07.17 20:26;NZDUSD;-67.00;0;-0.67
2025.07.17 20:26;AUDUSD;7.00;0;0.07
2025.07.17 20:26;TOTAL;-60.00;-;-0.60
2025.07.17 20:27;NZDUSD;-73.00;0;-0.73
2025.07.17 20:27;AUDUSD;16.00;0;0.16
2025.07.17 20:27;TOTAL;-57.00;-;-0.57
2025.07.17 20:28;NZDUSD;-68.00;0;-0.68
2025.07.17 20:28;AUDUSD;9.00;0;0.09
2025.07.17 20:28;TOTAL;-59.00;-;-0.59
2025.07.17 20:29;NZDUSD;-68.00;0;-0.68
2025.07.17 20:29;AUDUSD;12.00;0;0.12
2025.07.17 20:29;TOTAL;-56.00;-;-0.56
2025.07.17 20:30;NZDUSD;-73.00;0;-0.73
2025.07.17 20:30;AUDUSD;16.00;0;0.16
2025.07.17 20:30;TOTAL;-57.00;-;-0.57
2025.07.17 20:31;NZDUSD;-69.00;0;-0.69
2025.07.17 20:31;AUDUSD;12.00;0;0.12
2025.07.17 20:31;TOTAL;-57.00;-;-0.57
2025.07.17 20:32;NZDUSD;-62.00;0;-0.62
2025.07.17 20:32;AUDUSD;3.00;0;0.03
2025.07.17 20:32;TOTAL;-59.00;-;-0.59
2025.07.17 20:33;NZDUSD;-63.00;0;-0.63
2025.07.17 20:33;AUDUSD;2.00;0;0.02
2025.07.17 20:33;TOTAL;-61.00;-;-0.61
2025.07.17 20:34;NZDUSD;-63.00;0;-0.63
2025.07.17 20:34;AUDUSD;0.00;0;0.00
2025.07.17 20:34;TOTAL;-63.00;-;-0.63
2025.07.17 20:35;NZDUSD;-72.00;0;-0.72
2025.07.17 20:35;AUDUSD;12.00;0;0.12
2025.07.17 20:35;TOTAL;-60.00;-;-0.60
2025.07.17 20:36;NZDUSD;-69.00;0;-0.69
2025.07.17 20:36;AUDUSD;8.00;0;0.08
2025.07.17 20:36;TOTAL;-61.00;-;-0.61
2025.07.17 20:37;NZDUSD;-73.00;0;-0.73
2025.07.17 20:37;AUDUSD;12.00;0;0.12
2025.07.17 20:37;TOTAL;-61.00;-;-0.61
2025.07.17 20:38;NZDUSD;-72.00;0;-0.72
2025.07.17 20:38;AUDUSD;11.00;0;0.11
2025.07.17 20:38;TOTAL;-61.00;-;-0.61
2025.07.17 20:39;NZDUSD;-75.00;0;-0.75
2025.07.17 20:39;AUDUSD;12.00;0;0.12
2025.07.17 20:39;TOTAL;-63.00;-;-0.63
2025.07.17 20:40;NZDUSD;-75.00;0;-0.75
2025.07.17 20:40;AUDUSD;16.00;0;0.16
2025.07.17 20:40;TOTAL;-59.00;-;-0.59
2025.07.17 20:41;NZDUSD;-81.00;0;-0.81
2025.07.17 20:41;AUDUSD;21.00;0;0.21
2025.07.17 20:41;TOTAL;-60.00;-;-0.60
2025.07.17 20:42;NZDUSD;-78.00;0;-0.78
2025.07.17 20:42;AUDUSD;21.00;0;0.21
2025.07.17 20:42;TOTAL;-57.00;-;-0.57
2025.07.17 20:43;NZDUSD;-78.00;0;-0.78
2025.07.17 20:43;AUDUSD;21.00;0;0.21
2025.07.17 20:43;TOTAL;-57.00;-;-0.57
2025.07.17 20:44;NZDUSD;-73.00;0;-0.73
2025.07.17 20:44;AUDUSD;16.00;0;0.16
2025.07.17 20:44;TOTAL;-57.00;-;-0.57
2025.07.17 20:45;NZDUSD;-73.00;0;-0.73
2025.07.17 20:45;AUDUSD;13.00;0;0.13
2025.07.17 20:45;TOTAL;-60.00;-;-0.60
2025.07.17 20:46;NZDUSD;-78.00;0;-0.78
2025.07.17 20:46;AUDUSD;20.00;0;0.20
2025.07.17 20:46;TOTAL;-58.00;-;-0.58
2025.07.17 20:47;NZDUSD;-77.00;0;-0.77
2025.07.17 20:47;AUDUSD;13.00;0;0.13
2025.07.17 20:47;TOTAL;-64.00;-;-0.64
2025.07.17 20:48;NZDUSD;-81.00;0;-0.81
2025.07.17 20:48;AUDUSD;21.00;0;0.21
2025.07.17 20:48;TOTAL;-60.00;-;-0.60
2025.07.17 20:49;NZDUSD;-76.00;0;-0.76
2025.07.17 20:49;AUDUSD;11.00;0;0.11
2025.07.17 20:49;TOTAL;-65.00;-;-0.65
2025.07.17 20:50;NZDUSD;-81.00;0;-0.81
2025.07.17 20:50;AUDUSD;16.00;0;0.16
2025.07.17 20:50;TOTAL;-65.00;-;-0.65
2025.07.17 20:51;NZDUSD;-75.00;0;-0.75
2025.07.17 20:51;AUDUSD;11.00;0;0.11
2025.07.17 20:51;TOTAL;-64.00;-;-0.64
2025.07.17 20:52;NZDUSD;-77.00;0;-0.77
2025.07.17 20:52;AUDUSD;16.00;0;0.16
2025.07.17 20:52;TOTAL;-61.00;-;-0.61
2025.07.17 20:53;NZDUSD;-72.00;0;-0.72
2025.07.17 20:53;AUDUSD;3.00;0;0.03
2025.07.17 20:53;TOTAL;-69.00;-;-0.69
2025.07.17 20:54;NZDUSD;-75.00;0;-0.75
2025.07.17 20:54;AUDUSD;8.00;0;0.08
2025.07.17 20:54;TOTAL;-67.00;-;-0.67
2025.07.17 20:55;NZDUSD;-76.00;0;-0.76
2025.07.17 20:55;AUDUSD;9.00;0;0.09
2025.07.17 20:55;TOTAL;-67.00;-;-0.67
2025.07.17 20:56;NZDUSD;-78.00;0;-0.78
2025.07.17 20:56;AUDUSD;13.00;0;0.13
2025.07.17 20:56;TOTAL;-65.00;-;-0.65
2025.07.17 20:57;NZDUSD;-85.00;0;-0.85
2025.07.17 20:57;AUDUSD;21.00;0;0.21
2025.07.17 20:57;TOTAL;-64.00;-;-0.64
2025.07.17 20:58;NZDUSD;-78.00;0;-0.78
2025.07.17 20:58;AUDUSD;12.00;0;0.12
2025.07.17 20:58;TOTAL;-66.00;-;-0.66
2025.07.17 20:59;NZDUSD;-81.00;0;-0.81
2025.07.17 20:59;AUDUSD;16.00;0;0.16
2025.07.17 20:59;TOTAL;-65.00;-;-0.65
2025.07.17 21:00;NZDUSD;-80.00;0;-0.80
2025.07.17 21:00;AUDUSD;13.00;0;0.13
2025.07.17 21:00;TOTAL;-67.00;-;-0.67
2025.07.17 21:01;NZDUSD;-85.00;0;-0.85
2025.07.17 21:01;AUDUSD;17.00;0;0.17
2025.07.17 21:01;TOTAL;-68.00;-;-0.68
2025.07.17 21:02;NZDUSD;-84.00;0;-0.84
2025.07.17 21:02;AUDUSD;21.00;0;0.21
2025.07.17 21:02;TOTAL;-63.00;-;-0.63
2025.07.17 21:03;NZDUSD;-86.00;0;-0.86
2025.07.17 21:03;AUDUSD;21.00;0;0.21
2025.07.17 21:03;TOTAL;-65.00;-;-0.65
2025.07.17 21:04;NZDUSD;-85.00;0;-0.85
2025.07.17 21:04;AUDUSD;16.00;0;0.16
2025.07.17 21:04;TOTAL;-69.00;-;-0.69
2025.07.17 21:05;NZDUSD;-85.00;0;-0.85
2025.07.17 21:05;AUDUSD;17.00;0;0.17
2025.07.17 21:05;TOTAL;-68.00;-;-0.68
2025.07.17 21:06;NZDUSD;-85.00;0;-0.85
2025.07.17 21:06;AUDUSD;16.00;0;0.16
2025.07.17 21:06;TOTAL;-69.00;-;-0.69
2025.07.17 21:07;NZDUSD;-75.00;0;-0.75
2025.07.17 21:07;AUDUSD;7.00;0;0.07
2025.07.17 21:07;TOTAL;-68.00;-;-0.68
2025.07.17 21:08;NZDUSD;-68.00;0;-0.68
2025.07.17 21:08;AUDUSD;3.00;0;0.03
2025.07.17 21:08;TOTAL;-65.00;-;-0.65
2025.07.17 21:09;NZDUSD;-64.00;0;-0.64
2025.07.17 21:09;AUDUSD;-1.00;0;-0.01
2025.07.17 21:09;TOTAL;-65.00;-;-0.65
2025.07.17 21:10;NZDUSD;-59.00;0;-0.59
2025.07.17 21:10;AUDUSD;-6.00;0;-0.06
2025.07.17 21:10;TOTAL;-65.00;-;-0.65
2025.07.17 21:11;NZDUSD;-59.00;0;-0.59
2025.07.17 21:11;AUDUSD;-6.00;0;-0.06
2025.07.17 21:11;TOTAL;-65.00;-;-0.65
2025.07.17 21:12;NZDUSD;-63.00;0;-0.63
2025.07.17 21:12;AUDUSD;-2.00;0;-0.02
2025.07.17 21:12;TOTAL;-65.00;-;-0.65
2025.07.17 21:13;NZDUSD;-64.00;0;-0.64
2025.07.17 21:13;AUDUSD;-1.00;0;-0.01
2025.07.17 21:13;TOTAL;-65.00;-;-0.65
2025.07.17 21:14;NZDUSD;-69.00;0;-0.69
2025.07.17 21:14;AUDUSD;-1.00;0;-0.01
2025.07.17 21:14;TOTAL;-70.00;-;-0.70
2025.07.17 21:15;NZDUSD;-68.00;0;-0.68
2025.07.17 21:15;AUDUSD;0.00;0;0.00
2025.07.17 21:15;TOTAL;-68.00;-;-0.68
2025.07.17 21:16;NZDUSD;-72.00;0;-0.72
2025.07.17 21:16;AUDUSD;3.00;0;0.03
2025.07.17 21:16;TOTAL;-69.00;-;-0.69
2025.07.17 21:17;NZDUSD;-72.00;0;-0.72
2025.07.17 21:17;AUDUSD;3.00;0;0.03
2025.07.17 21:17;TOTAL;-69.00;-;-0.69
2025.07.17 21:18;NZDUSD;-76.00;0;-0.76
2025.07.17 21:18;AUDUSD;7.00;0;0.07
2025.07.17 21:18;TOTAL;-69.00;-;-0.69
2025.07.17 21:19;NZDUSD;-80.00;0;-0.80
2025.07.17 21:19;AUDUSD;3.00;0;0.03
2025.07.17 21:19;TOTAL;-77.00;-;-0.77
2025.07.17 21:20;NZDUSD;-88.00;0;-0.88
2025.07.17 21:20;AUDUSD;15.00;0;0.15
2025.07.17 21:20;TOTAL;-73.00;-;-0.73
2025.07.17 21:21;NZDUSD;-89.00;0;-0.89
2025.07.17 21:21;AUDUSD;16.00;0;0.16
2025.07.17 21:21;TOTAL;-73.00;-;-0.73
2025.07.17 21:22;NZDUSD;-89.00;0;-0.89
2025.07.17 21:22;AUDUSD;16.00;0;0.16
2025.07.17 21:22;TOTAL;-73.00;-;-0.73
2025.07.17 21:23;NZDUSD;-85.00;0;-0.85
2025.07.17 21:23;AUDUSD;8.00;0;0.08
2025.07.17 21:23;TOTAL;-77.00;-;-0.77
2025.07.17 21:24;NZDUSD;-82.00;0;-0.82
2025.07.17 21:24;AUDUSD;6.00;0;0.06
2025.07.17 21:24;TOTAL;-76.00;-;-0.76
2025.07.17 21:25;NZDUSD;-81.00;0;-0.81
2025.07.17 21:25;AUDUSD;4.00;0;0.04
2025.07.17 21:25;TOTAL;-77.00;-;-0.77
2025.07.17 21:26;NZDUSD;-76.00;0;-0.76
2025.07.17 21:26;AUDUSD;0.00;0;0.00
2025.07.17 21:26;TOTAL;-76.00;-;-0.76
2025.07.17 21:27;NZDUSD;-73.00;0;-0.73
2025.07.17 21:27;AUDUSD;0.00;0;0.00
2025.07.17 21:27;TOTAL;-73.00;-;-0.73
2025.07.17 21:28;NZDUSD;-72.00;0;-0.72
2025.07.17 21:28;AUDUSD;-5.00;0;-0.05
2025.07.17 21:28;TOTAL;-77.00;-;-0.77
2025.07.17 21:29;NZDUSD;-68.00;0;-0.68
2025.07.17 21:29;AUDUSD;-9.00;0;-0.09
2025.07.17 21:29;TOTAL;-77.00;-;-0.77
2025.07.17 21:30;NZDUSD;-72.00;0;-0.72
2025.07.17 21:30;AUDUSD;-5.00;0;-0.05
2025.07.17 21:30;TOTAL;-77.00;-;-0.77
2025.07.17 21:31;NZDUSD;-73.00;0;-0.73
2025.07.17 21:31;AUDUSD;0.00;0;0.00
2025.07.17 21:31;TOTAL;-73.00;-;-0.73
2025.07.17 21:32;NZDUSD;-72.00;0;-0.72
2025.07.17 21:32;AUDUSD;0.00;0;0.00
2025.07.17 21:32;TOTAL;-72.00;-;-0.72
2025.07.17 21:33;NZDUSD;-71.00;0;-0.71
2025.07.17 21:33;AUDUSD;-2.00;0;-0.02
2025.07.17 21:33;TOTAL;-73.00;-;-0.73
2025.07.17 21:34;NZDUSD;-64.00;0;-0.64
2025.07.17 21:34;AUDUSD;-6.00;0;-0.06
2025.07.17 21:34;TOTAL;-70.00;-;-0.70
2025.07.17 21:35;NZDUSD;-68.00;0;-0.68
2025.07.17 21:35;AUDUSD;-5.00;0;-0.05
2025.07.17 21:35;TOTAL;-73.00;-;-0.73
2025.07.17 21:36;NZDUSD;-68.00;0;-0.68
2025.07.17 21:36;AUDUSD;-3.00;0;-0.03
2025.07.17 21:36;TOTAL;-71.00;-;-0.71
2025.07.17 21:37;NZDUSD;-64.00;0;-0.64
2025.07.17 21:37;AUDUSD;-9.00;0;-0.09
2025.07.17 21:37;TOTAL;-73.00;-;-0.73
2025.07.17 21:38;NZDUSD;-66.00;0;-0.66
2025.07.17 21:38;AUDUSD;-10.00;0;-0.10
2025.07.17 21:38;TOTAL;-76.00;-;-0.76
2025.07.17 21:39;NZDUSD;-54.00;0;-0.54
2025.07.17 21:39;AUDUSD;-19.00;0;-0.19
2025.07.17 21:39;TOTAL;-73.00;-;-0.73
2025.07.17 21:40;NZDUSD;-59.00;0;-0.59
2025.07.17 21:40;AUDUSD;-16.00;0;-0.16
2025.07.17 21:40;TOTAL;-75.00;-;-0.75
2025.07.17 21:41;NZDUSD;-60.00;0;-0.60
2025.07.17 21:41;AUDUSD;-15.00;0;-0.15
2025.07.17 21:41;TOTAL;-75.00;-;-0.75
2025.07.17 21:42;NZDUSD;-63.00;0;-0.63
2025.07.17 21:42;AUDUSD;-10.00;0;-0.10
2025.07.17 21:42;TOTAL;-73.00;-;-0.73
2025.07.17 21:43;NZDUSD;-63.00;0;-0.63
2025.07.17 21:43;AUDUSD;-10.00;0;-0.10
2025.07.17 21:43;TOTAL;-73.00;-;-0.73
2025.07.17 21:44;NZDUSD;-63.00;0;-0.63
2025.07.17 21:44;AUDUSD;-15.00;0;-0.15
2025.07.17 21:44;TOTAL;-78.00;-;-0.78
2025.07.17 21:45;NZDUSD;-69.00;0;-0.69
2025.07.17 21:45;AUDUSD;-9.00;0;-0.09
2025.07.17 21:45;TOTAL;-78.00;-;-0.78
2025.07.17 21:46;NZDUSD;-66.00;0;-0.66
2025.07.17 21:46;AUDUSD;-15.00;0;-0.15
2025.07.17 21:46;TOTAL;-81.00;-;-0.81
2025.07.17 21:47;NZDUSD;-67.00;0;-0.67
2025.07.17 21:47;AUDUSD;-15.00;0;-0.15
2025.07.17 21:47;TOTAL;-82.00;-;-0.82
2025.07.17 21:48;NZDUSD;-76.00;0;-0.76
2025.07.17 21:48;AUDUSD;-7.00;0;-0.07
2025.07.17 21:48;TOTAL;-83.00;-;-0.83
2025.07.17 21:49;NZDUSD;-72.00;0;-0.72
2025.07.17 21:49;AUDUSD;-15.00;0;-0.15
2025.07.17 21:49;TOTAL;-87.00;-;-0.87
2025.07.17 21:50;NZDUSD;-78.00;0;-0.78
2025.07.17 21:50;AUDUSD;-3.00;0;-0.03
2025.07.17 21:50;TOTAL;-81.00;-;-0.81
2025.07.17 21:51;NZDUSD;-80.00;0;-0.80
2025.07.17 21:51;AUDUSD;-1.00;0;-0.01
2025.07.17 21:51;TOTAL;-81.00;-;-0.81
2025.07.17 21:52;NZDUSD;-84.00;0;-0.84
2025.07.17 21:52;AUDUSD;2.00;0;0.02
2025.07.17 21:52;TOTAL;-82.00;-;-0.82
2025.07.17 21:53;NZDUSD;-84.00;0;-0.84
2025.07.17 21:53;AUDUSD;3.00;0;0.03
2025.07.17 21:53;TOTAL;-81.00;-;-0.81
2025.07.17 21:54;NZDUSD;-85.00;0;-0.85
2025.07.17 21:54;AUDUSD;3.00;0;0.03
2025.07.17 21:54;TOTAL;-82.00;-;-0.82
2025.07.17 21:55;NZDUSD;-85.00;0;-0.85
2025.07.17 21:55;AUDUSD;2.00;0;0.02
2025.07.17 21:55;TOTAL;-83.00;-;-0.83
2025.07.17 21:56;NZDUSD;-76.00;0;-0.76
2025.07.17 21:56;AUDUSD;-9.00;0;-0.09
2025.07.17 21:56;TOTAL;-85.00;-;-0.85
2025.07.17 21:57;NZDUSD;-78.00;0;-0.78
2025.07.17 21:57;AUDUSD;-9.00;0;-0.09
2025.07.17 21:57;TOTAL;-87.00;-;-0.87
2025.07.17 21:58;NZDUSD;-77.00;0;-0.77
2025.07.17 21:58;AUDUSD;-7.00;0;-0.07
2025.07.17 21:58;TOTAL;-84.00;-;-0.84
2025.07.17 21:59;NZDUSD;-80.00;0;-0.80
2025.07.17 21:59;AUDUSD;-10.00;0;-0.10
2025.07.17 21:59;TOTAL;-90.00;-;-0.90
2025.07.17 22:00;NZDUSD;-68.00;0;-0.68
2025.07.17 22:00;AUDUSD;-19.00;0;-0.19
2025.07.17 22:00;TOTAL;-87.00;-;-0.87
2025.07.17 22:01;NZDUSD;-68.00;0;-0.68
2025.07.17 22:01;AUDUSD;-16.00;0;-0.16
2025.07.17 22:01;TOTAL;-84.00;-;-0.84
2025.07.17 22:02;NZDUSD;-64.00;0;-0.64
2025.07.17 22:02;AUDUSD;-22.00;0;-0.22
2025.07.17 22:02;TOTAL;-86.00;-;-0.86
2025.07.17 22:03;NZDUSD;-64.00;0;-0.64
2025.07.17 22:03;AUDUSD;-20.00;0;-0.20
2025.07.17 22:03;TOTAL;-84.00;-;-0.84
2025.07.17 22:04;NZDUSD;-62.00;0;-0.62
2025.07.17 22:04;AUDUSD;-23.00;0;-0.23
2025.07.17 22:04;TOTAL;-85.00;-;-0.85
2025.07.17 22:05;NZDUSD;-59.00;0;-0.59
2025.07.17 22:05;AUDUSD;-24.00;0;-0.24
2025.07.17 22:05;TOTAL;-83.00;-;-0.83
2025.07.17 22:06;NZDUSD;-50.00;0;-0.50
2025.07.17 22:06;AUDUSD;-32.00;0;-0.32
2025.07.17 22:06;TOTAL;-82.00;-;-0.82
2025.07.17 22:07;NZDUSD;-46.00;0;-0.46
2025.07.17 22:07;AUDUSD;-32.00;0;-0.32
2025.07.17 22:07;TOTAL;-78.00;-;-0.78
2025.07.17 22:08;NZDUSD;-49.00;0;-0.49
2025.07.17 22:08;AUDUSD;-31.00;0;-0.31
2025.07.17 22:08;TOTAL;-80.00;-;-0.80
2025.07.17 22:09;NZDUSD;-47.00;0;-0.47
2025.07.17 22:09;AUDUSD;-36.00;0;-0.36
2025.07.17 22:09;TOTAL;-83.00;-;-0.83
2025.07.17 22:10;NZDUSD;-42.00;0;-0.42
2025.07.17 22:10;AUDUSD;-37.00;0;-0.37
2025.07.17 22:10;TOTAL;-79.00;-;-0.79
2025.07.17 22:11;NZDUSD;-41.00;0;-0.41
2025.07.17 22:11;AUDUSD;-38.00;0;-0.38
2025.07.17 22:11;TOTAL;-79.00;-;-0.79
2025.07.17 22:12;NZDUSD;-42.00;0;-0.42
2025.07.17 22:12;AUDUSD;-37.00;0;-0.37
2025.07.17 22:12;TOTAL;-79.00;-;-0.79
2025.07.17 22:13;NZDUSD;-41.00;0;-0.41
2025.07.17 22:13;AUDUSD;-37.00;0;-0.37
2025.07.17 22:13;TOTAL;-78.00;-;-0.78
2025.07.17 22:14;NZDUSD;-42.00;0;-0.42
2025.07.17 22:14;AUDUSD;-38.00;0;-0.38
2025.07.17 22:14;TOTAL;-80.00;-;-0.80
2025.07.17 22:15;NZDUSD;-44.00;0;-0.44
2025.07.17 22:15;AUDUSD;-38.00;0;-0.38
2025.07.17 22:15;TOTAL;-82.00;-;-0.82
2025.07.17 22:16;NZDUSD;-37.00;0;-0.37
2025.07.17 22:16;AUDUSD;-44.00;0;-0.44
2025.07.17 22:16;TOTAL;-81.00;-;-0.81
2025.07.17 22:17;NZDUSD;-34.00;0;-0.34
2025.07.17 22:17;AUDUSD;-45.00;0;-0.45
2025.07.17 22:17;TOTAL;-79.00;-;-0.79
2025.07.17 22:18;NZDUSD;-37.00;0;-0.37
2025.07.17 22:18;AUDUSD;-42.00;0;-0.42
2025.07.17 22:18;TOTAL;-79.00;-;-0.79
2025.07.17 22:19;NZDUSD;-29.00;0;-0.29
2025.07.17 22:19;AUDUSD;-49.00;0;-0.49
2025.07.17 22:19;TOTAL;-78.00;-;-0.78
2025.07.17 22:20;NZDUSD;-40.00;0;-0.40
2025.07.17 22:20;AUDUSD;-41.00;0;-0.41
2025.07.17 22:20;TOTAL;-81.00;-;-0.81
2025.07.17 22:21;NZDUSD;-41.00;0;-0.41
2025.07.17 22:21;AUDUSD;-38.00;0;-0.38
2025.07.17 22:21;TOTAL;-79.00;-;-0.79
2025.07.17 22:22;NZDUSD;-41.00;0;-0.41
2025.07.17 22:22;AUDUSD;-44.00;0;-0.44
2025.07.17 22:22;TOTAL;-85.00;-;-0.85
2025.07.17 22:23;NZDUSD;-36.00;0;-0.36
2025.07.17 22:23;AUDUSD;-41.00;0;-0.41
2025.07.17 22:23;TOTAL;-77.00;-;-0.77
2025.07.17 22:24;NZDUSD;-34.00;0;-0.34
2025.07.17 22:24;AUDUSD;-48.00;0;-0.48
2025.07.17 22:24;TOTAL;-82.00;-;-0.82
2025.07.17 22:25;NZDUSD;-34.00;0;-0.34
2025.07.17 22:25;AUDUSD;-48.00;0;-0.48
2025.07.17 22:25;TOTAL;-82.00;-;-0.82
2025.07.17 22:26;NZDUSD;-33.00;0;-0.33
2025.07.17 22:26;AUDUSD;-48.00;0;-0.48
2025.07.17 22:26;TOTAL;-81.00;-;-0.81
2025.07.17 22:27;NZDUSD;-38.00;0;-0.38
2025.07.17 22:27;AUDUSD;-41.00;0;-0.41
2025.07.17 22:27;TOTAL;-79.00;-;-0.79
2025.07.17 22:28;NZDUSD;-38.00;0;-0.38
2025.07.17 22:28;AUDUSD;-41.00;0;-0.41
2025.07.17 22:28;TOTAL;-79.00;-;-0.79
2025.07.17 22:29;NZDUSD;-40.00;0;-0.40
2025.07.17 22:29;AUDUSD;-37.00;0;-0.37
2025.07.17 22:29;TOTAL;-77.00;-;-0.77
2025.07.17 22:30;NZDUSD;-38.00;0;-0.38
2025.07.17 22:30;AUDUSD;-38.00;0;-0.38
2025.07.17 22:30;TOTAL;-76.00;-;-0.76
2025.07.17 22:31;NZDUSD;-33.00;0;-0.33
2025.07.17 22:31;AUDUSD;-41.00;0;-0.41
2025.07.17 22:31;TOTAL;-74.00;-;-0.74
2025.07.17 22:32;NZDUSD;-34.00;0;-0.34
2025.07.17 22:32;AUDUSD;-38.00;0;-0.38
2025.07.17 22:32;TOTAL;-72.00;-;-0.72
2025.07.17 22:33;NZDUSD;-27.00;0;-0.27
2025.07.17 22:33;AUDUSD;-42.00;0;-0.42
2025.07.17 22:33;TOTAL;-69.00;-;-0.69
2025.07.17 22:34;NZDUSD;-27.00;0;-0.27
2025.07.17 22:34;AUDUSD;-45.00;0;-0.45
2025.07.17 22:34;TOTAL;-72.00;-;-0.72
2025.07.17 22:35;NZDUSD;-24.00;0;-0.24
2025.07.17 22:35;AUDUSD;-45.00;0;-0.45
2025.07.17 22:35;TOTAL;-69.00;-;-0.69
2025.07.17 22:36;NZDUSD;-16.00;0;-0.16
2025.07.17 22:36;AUDUSD;-49.00;0;-0.49
2025.07.17 22:36;TOTAL;-65.00;-;-0.65
2025.07.17 22:37;NZDUSD;-18.00;0;-0.18
2025.07.17 22:37;AUDUSD;-53.00;0;-0.53
2025.07.17 22:37;TOTAL;-71.00;-;-0.71
2025.07.17 22:38;NZDUSD;-16.00;0;-0.16
2025.07.17 22:38;AUDUSD;-51.00;0;-0.51
2025.07.17 22:38;TOTAL;-67.00;-;-0.67
2025.07.17 22:39;NZDUSD;-18.00;0;-0.18
2025.07.17 22:39;AUDUSD;-50.00;0;-0.50
2025.07.17 22:39;TOTAL;-68.00;-;-0.68
2025.07.17 22:40;NZDUSD;-19.00;0;-0.19
2025.07.17 22:40;AUDUSD;-50.00;0;-0.50
2025.07.17 22:40;TOTAL;-69.00;-;-0.69
2025.07.17 22:41;NZDUSD;-24.00;0;-0.24
2025.07.17 22:41;AUDUSD;-46.00;0;-0.46
2025.07.17 22:41;TOTAL;-70.00;-;-0.70
2025.07.17 22:42;NZDUSD;-24.00;0;-0.24
2025.07.17 22:42;AUDUSD;-48.00;0;-0.48
2025.07.17 22:42;TOTAL;-72.00;-;-0.72
2025.07.17 22:43;NZDUSD;-28.00;0;-0.28
2025.07.17 22:43;AUDUSD;-42.00;0;-0.42
2025.07.17 22:43;TOTAL;-70.00;-;-0.70
2025.07.17 22:44;NZDUSD;-24.00;0;-0.24
2025.07.17 22:44;AUDUSD;-45.00;0;-0.45
2025.07.17 22:44;TOTAL;-69.00;-;-0.69
2025.07.17 22:45;NZDUSD;-28.00;0;-0.28
2025.07.17 22:45;AUDUSD;-41.00;0;-0.41
2025.07.17 22:45;TOTAL;-69.00;-;-0.69
2025.07.17 22:46;NZDUSD;-25.00;0;-0.25
2025.07.17 22:46;AUDUSD;-41.00;0;-0.41
2025.07.17 22:46;TOTAL;-66.00;-;-0.66
2025.07.17 22:47;NZDUSD;-27.00;0;-0.27
2025.07.17 22:47;AUDUSD;-42.00;0;-0.42
2025.07.17 22:47;TOTAL;-69.00;-;-0.69
2025.07.17 22:48;NZDUSD;-24.00;0;-0.24
2025.07.17 22:48;AUDUSD;-48.00;0;-0.48
2025.07.17 22:48;TOTAL;-72.00;-;-0.72
2025.07.17 22:49;NZDUSD;-19.00;0;-0.19
2025.07.17 22:49;AUDUSD;-53.00;0;-0.53
2025.07.17 22:49;TOTAL;-72.00;-;-0.72
2025.07.17 22:50;NZDUSD;-24.00;0;-0.24
2025.07.17 22:50;AUDUSD;-42.00;0;-0.42
2025.07.17 22:50;TOTAL;-66.00;-;-0.66
2025.07.17 22:51;NZDUSD;-24.00;0;-0.24
2025.07.17 22:51;AUDUSD;-41.00;0;-0.41
2025.07.17 22:51;TOTAL;-65.00;-;-0.65
2025.07.17 22:52;NZDUSD;-19.00;0;-0.19
2025.07.17 22:52;AUDUSD;-44.00;0;-0.44
2025.07.17 22:52;TOTAL;-63.00;-;-0.63
2025.07.17 22:53;NZDUSD;-20.00;0;-0.20
2025.07.17 22:53;AUDUSD;-45.00;0;-0.45
2025.07.17 22:53;TOTAL;-65.00;-;-0.65
2025.07.17 22:54;NZDUSD;-19.00;0;-0.19
2025.07.17 22:54;AUDUSD;-46.00;0;-0.46
2025.07.17 22:54;TOTAL;-65.00;-;-0.65
2025.07.17 22:55;NZDUSD;-20.00;0;-0.20
2025.07.17 22:55;AUDUSD;-45.00;0;-0.45
2025.07.17 22:55;TOTAL;-65.00;-;-0.65
2025.07.17 22:56;NZDUSD;-24.00;0;-0.24
2025.07.17 22:56;AUDUSD;-45.00;0;-0.45
2025.07.17 22:56;TOTAL;-69.00;-;-0.69
2025.07.17 22:57;NZDUSD;-14.00;0;-0.14
2025.07.17 22:57;AUDUSD;-55.00;0;-0.55
2025.07.17 22:57;TOTAL;-69.00;-;-0.69
2025.07.17 22:58;NZDUSD;-10.00;0;-0.10
2025.07.17 22:58;AUDUSD;-57.00;0;-0.57
2025.07.17 22:58;TOTAL;-67.00;-;-0.67
2025.07.17 22:59;NZDUSD;-19.00;0;-0.19
2025.07.17 22:59;AUDUSD;-50.00;0;-0.50
2025.07.17 22:59;TOTAL;-69.00;-;-0.69
2025.07.17 23:00;NZDUSD;-18.00;0;-0.18
2025.07.17 23:00;AUDUSD;-54.00;0;-0.54
2025.07.17 23:00;TOTAL;-72.00;-;-0.72
2025.07.17 23:01;NZDUSD;-11.00;0;-0.11
2025.07.17 23:01;AUDUSD;-58.00;0;-0.58
2025.07.17 23:01;TOTAL;-69.00;-;-0.69
2025.07.17 23:02;NZDUSD;-10.00;0;-0.10
2025.07.17 23:02;AUDUSD;-58.00;0;-0.58
2025.07.17 23:02;TOTAL;-68.00;-;-0.68
2025.07.17 23:03;NZDUSD;-18.00;0;-0.18
2025.07.17 23:03;AUDUSD;-55.00;0;-0.55
2025.07.17 23:03;TOTAL;-73.00;-;-0.73
2025.07.17 23:04;NZDUSD;-27.00;0;-0.27
2025.07.17 23:04;AUDUSD;-50.00;0;-0.50
2025.07.17 23:04;TOTAL;-77.00;-;-0.77
2025.07.17 23:05;NZDUSD;-19.00;0;-0.19
2025.07.17 23:05;AUDUSD;-57.00;0;-0.57
2025.07.17 23:05;TOTAL;-76.00;-;-0.76
2025.07.17 23:06;NZDUSD;-18.00;0;-0.18
2025.07.17 23:06;AUDUSD;-58.00;0;-0.58
2025.07.17 23:06;TOTAL;-76.00;-;-0.76
2025.07.17 23:07;NZDUSD;-19.00;0;-0.19
2025.07.17 23:07;AUDUSD;-57.00;0;-0.57
2025.07.17 23:07;TOTAL;-76.00;-;-0.76
2025.07.17 23:08;NZDUSD;-19.00;0;-0.19
2025.07.17 23:08;AUDUSD;-58.00;0;-0.58
2025.07.17 23:08;TOTAL;-77.00;-;-0.77
2025.07.17 23:09;NZDUSD;-24.00;0;-0.24
2025.07.17 23:09;AUDUSD;-59.00;0;-0.59
2025.07.17 23:09;TOTAL;-83.00;-;-0.83
2025.07.17 23:10;NZDUSD;-24.00;0;-0.24
2025.07.17 23:10;AUDUSD;-57.00;0;-0.57
2025.07.17 23:10;TOTAL;-81.00;-;-0.81
2025.07.17 23:11;NZDUSD;-27.00;0;-0.27
2025.07.17 23:11;AUDUSD;-57.00;0;-0.57
2025.07.17 23:11;TOTAL;-84.00;-;-0.84
2025.07.17 23:12;NZDUSD;-24.00;0;-0.24
2025.07.17 23:12;AUDUSD;-60.00;0;-0.60
2025.07.17 23:12;TOTAL;-84.00;-;-0.84
2025.07.17 23:13;NZDUSD;-27.00;0;-0.27
2025.07.17 23:13;AUDUSD;-59.00;0;-0.59
2025.07.17 23:13;TOTAL;-86.00;-;-0.86
2025.07.17 23:14;NZDUSD;-20.00;0;-0.20
2025.07.17 23:14;AUDUSD;-60.00;0;-0.60
2025.07.17 23:14;TOTAL;-80.00;-;-0.80
2025.07.17 23:15;NZDUSD;-23.00;0;-0.23
2025.07.17 23:15;AUDUSD;-62.00;0;-0.62
2025.07.17 23:15;TOTAL;-85.00;-;-0.85
2025.07.17 23:16;NZDUSD;-23.00;0;-0.23
2025.07.17 23:16;AUDUSD;-62.00;0;-0.62
2025.07.17 23:16;TOTAL;-85.00;-;-0.85
2025.07.17 23:17;NZDUSD;-18.00;0;-0.18
2025.07.17 23:17;AUDUSD;-62.00;0;-0.62
2025.07.17 23:17;TOTAL;-80.00;-;-0.80
2025.07.17 23:18;NZDUSD;-19.00;0;-0.19
2025.07.17 23:18;AUDUSD;-60.00;0;-0.60
2025.07.17 23:18;TOTAL;-79.00;-;-0.79
2025.07.17 23:19;NZDUSD;-19.00;0;-0.19
2025.07.17 23:19;AUDUSD;-63.00;0;-0.63
2025.07.17 23:19;TOTAL;-82.00;-;-0.82
2025.07.17 23:20;NZDUSD;-21.00;0;-0.21
2025.07.17 23:20;AUDUSD;-50.00;0;-0.50
2025.07.17 23:20;TOTAL;-71.00;-;-0.71
2025.07.17 23:21;NZDUSD;-20.00;0;-0.20
2025.07.17 23:21;AUDUSD;-50.00;0;-0.50
2025.07.17 23:21;TOTAL;-70.00;-;-0.70
2025.07.17 23:22;NZDUSD;-23.00;0;-0.23
2025.07.17 23:22;AUDUSD;-50.00;0;-0.50
2025.07.17 23:22;TOTAL;-73.00;-;-0.73
2025.07.17 23:23;NZDUSD;-27.00;0;-0.27
2025.07.17 23:23;AUDUSD;-38.00;0;-0.38
2025.07.17 23:23;TOTAL;-65.00;-;-0.65
2025.07.17 23:24;NZDUSD;-28.00;0;-0.28
2025.07.17 23:24;AUDUSD;-37.00;0;-0.37
2025.07.17 23:24;TOTAL;-65.00;-;-0.65
2025.07.17 23:25;NZDUSD;-29.00;0;-0.29
2025.07.17 23:25;AUDUSD;-33.00;0;-0.33
2025.07.17 23:25;TOTAL;-62.00;-;-0.62
2025.07.17 23:26;NZDUSD;-28.00;0;-0.28
2025.07.17 23:26;AUDUSD;-32.00;0;-0.32
2025.07.17 23:26;TOTAL;-60.00;-;-0.60
2025.07.17 23:27;NZDUSD;-25.00;0;-0.25
2025.07.17 23:27;AUDUSD;-38.00;0;-0.38
2025.07.17 23:27;TOTAL;-63.00;-;-0.63
2025.07.17 23:28;NZDUSD;-27.00;0;-0.27
2025.07.17 23:28;AUDUSD;-37.00;0;-0.37
2025.07.17 23:28;TOTAL;-64.00;-;-0.64
2025.07.17 23:29;NZDUSD;-23.00;0;-0.23
2025.07.17 23:29;AUDUSD;-42.00;0;-0.42
2025.07.17 23:29;TOTAL;-65.00;-;-0.65
2025.07.17 23:30;NZDUSD;-27.00;0;-0.27
2025.07.17 23:30;AUDUSD;-41.00;0;-0.41
2025.07.17 23:30;TOTAL;-68.00;-;-0.68
2025.07.17 23:31;NZDUSD;-29.00;0;-0.29
2025.07.17 23:31;AUDUSD;-41.00;0;-0.41
2025.07.17 23:31;TOTAL;-70.00;-;-0.70
2025.07.17 23:32;NZDUSD;-27.00;0;-0.27
2025.07.17 23:32;AUDUSD;-42.00;0;-0.42
2025.07.17 23:32;TOTAL;-69.00;-;-0.69
2025.07.17 23:33;NZDUSD;-25.00;0;-0.25
2025.07.17 23:33;AUDUSD;-40.00;0;-0.40
2025.07.17 23:33;TOTAL;-65.00;-;-0.65
2025.07.17 23:34;NZDUSD;-27.00;0;-0.27
2025.07.17 23:34;AUDUSD;-40.00;0;-0.40
2025.07.17 23:34;TOTAL;-67.00;-;-0.67
2025.07.17 23:35;NZDUSD;-19.00;0;-0.19
2025.07.17 23:35;AUDUSD;-41.00;0;-0.41
2025.07.17 23:35;TOTAL;-60.00;-;-0.60
2025.07.17 23:36;NZDUSD;-19.00;0;-0.19
2025.07.17 23:36;AUDUSD;-41.00;0;-0.41
2025.07.17 23:36;TOTAL;-60.00;-;-0.60
2025.07.17 23:37;NZDUSD;-25.00;0;-0.25
2025.07.17 23:37;AUDUSD;-31.00;0;-0.31
2025.07.17 23:37;TOTAL;-56.00;-;-0.56
2025.07.17 23:38;NZDUSD;-19.00;0;-0.19
2025.07.17 23:38;AUDUSD;-42.00;0;-0.42
2025.07.17 23:38;TOTAL;-61.00;-;-0.61
2025.07.17 23:39;NZDUSD;-19.00;0;-0.19
2025.07.17 23:39;AUDUSD;-37.00;0;-0.37
2025.07.17 23:39;TOTAL;-56.00;-;-0.56
2025.07.17 23:40;NZDUSD;-20.00;0;-0.20
2025.07.17 23:40;AUDUSD;-42.00;0;-0.42
2025.07.17 23:40;TOTAL;-62.00;-;-0.62
2025.07.17 23:41;NZDUSD;-19.00;0;-0.19
2025.07.17 23:41;AUDUSD;-45.00;0;-0.45
2025.07.17 23:41;TOTAL;-64.00;-;-0.64
2025.07.17 23:42;NZDUSD;-15.00;0;-0.15
2025.07.17 23:42;AUDUSD;-48.00;0;-0.48
2025.07.17 23:42;TOTAL;-63.00;-;-0.63
2025.07.17 23:43;NZDUSD;-19.00;0;-0.19
2025.07.17 23:43;AUDUSD;-44.00;0;-0.44
2025.07.17 23:43;TOTAL;-63.00;-;-0.63
2025.07.17 23:44;NZDUSD;-18.00;0;-0.18
2025.07.17 23:44;AUDUSD;-45.00;0;-0.45
2025.07.17 23:44;TOTAL;-63.00;-;-0.63
2025.07.17 23:45;NZDUSD;-15.00;0;-0.15
2025.07.17 23:45;AUDUSD;-46.00;0;-0.46
2025.07.17 23:45;TOTAL;-61.00;-;-0.61
2025.07.17 23:46;NZDUSD;-15.00;0;-0.15
2025.07.17 23:46;AUDUSD;-40.00;0;-0.40
2025.07.17 23:46;TOTAL;-55.00;-;-0.55
2025.07.17 23:47;NZDUSD;-15.00;0;-0.15
2025.07.17 23:47;AUDUSD;-36.00;0;-0.36
2025.07.17 23:47;TOTAL;-51.00;-;-0.51
2025.07.17 23:48;NZDUSD;-15.00;0;-0.15
2025.07.17 23:48;AUDUSD;-36.00;0;-0.36
2025.07.17 23:48;TOTAL;-51.00;-;-0.51
2025.07.17 23:49;NZDUSD;-19.00;0;-0.19
2025.07.17 23:49;AUDUSD;-32.00;0;-0.32
2025.07.17 23:49;TOTAL;-51.00;-;-0.51
2025.07.17 23:50;NZDUSD;-23.00;0;-0.23
2025.07.17 23:50;AUDUSD;-27.00;0;-0.27
2025.07.17 23:50;TOTAL;-50.00;-;-0.50
2025.07.17 23:51;NZDUSD;-14.00;0;-0.14
2025.07.17 23:51;AUDUSD;-28.00;0;-0.28
2025.07.17 23:51;TOTAL;-42.00;-;-0.42
2025.07.17 23:52;NZDUSD;-15.00;0;-0.15
2025.07.17 23:52;AUDUSD;-27.00;0;-0.27
2025.07.17 23:52;TOTAL;-42.00;-;-0.42
2025.07.17 23:53;NZDUSD;-14.00;0;-0.14
2025.07.17 23:53;AUDUSD;-27.00;0;-0.27
2025.07.17 23:53;TOTAL;-41.00;-;-0.41
2025.07.17 23:54;NZDUSD;-12.00;0;-0.12
2025.07.17 23:54;AUDUSD;-28.00;0;-0.28
2025.07.17 23:54;TOTAL;-40.00;-;-0.40
2025.07.17 23:55;NZDUSD;-14.00;0;-0.14
2025.07.17 23:55;AUDUSD;-27.00;0;-0.27
2025.07.17 23:55;TOTAL;-41.00;-;-0.41
2025.07.17 23:56;NZDUSD;-14.00;0;-0.14
2025.07.17 23:56;AUDUSD;-25.00;0;-0.25
2025.07.17 23:56;TOTAL;-39.00;-;-0.39
2025.07.17 23:57;NZDUSD;-12.00;0;-0.12
2025.07.17 23:57;AUDUSD;-35.00;0;-0.35
2025.07.17 23:57;TOTAL;-47.00;-;-0.47
2025.07.17 23:58;NZDUSD;-15.00;0;-0.15
2025.07.17 23:58;AUDUSD;-25.00;0;-0.25
2025.07.17 23:58;TOTAL;-40.00;-;-0.40
2025.07.17 23:59;NZDUSD;-16.00;0;-0.16
2025.07.17 23:59;AUDUSD;-31.00;0;-0.31
2025.07.17 23:59;TOTAL;-47.00;-;-0.47
2025.07.18 00:00;NZDUSD;-86.76;0;-0.87
2025.07.18 00:00;AUDUSD;-43.11;0;-0.43
2025.07.18 00:00;TOTAL;-129.87;-;-1.30
2025.07.18 00:01;NZDUSD;-83.76;0;-0.84
2025.07.18 00:01;AUDUSD;-43.11;0;-0.43
2025.07.18 00:01;TOTAL;-126.87;-;-1.27
2025.07.18 00:02;NZDUSD;-83.76;0;-0.84
2025.07.18 00:02;AUDUSD;-43.11;0;-0.43
2025.07.18 00:02;TOTAL;-126.87;-;-1.27
2025.07.18 00:03;NZDUSD;-83.76;0;-0.84
2025.07.18 00:03;AUDUSD;-43.11;0;-0.43
2025.07.18 00:03;TOTAL;-126.87;-;-1.27
2025.07.18 00:04;NZDUSD;-34.76;0;-0.35
2025.07.18 00:04;AUDUSD;-43.11;0;-0.43
2025.07.18 00:04;TOTAL;-77.87;-;-0.78
2025.07.18 00:05;NZDUSD;-34.76;0;-0.35
2025.07.18 00:05;AUDUSD;-43.11;0;-0.43
2025.07.18 00:05;TOTAL;-77.87;-;-0.78
2025.07.18 00:06;NZDUSD;-34.76;0;-0.35
2025.07.18 00:06;AUDUSD;-43.11;0;-0.43
2025.07.18 00:06;TOTAL;-77.87;-;-0.78
2025.07.18 00:07;NZDUSD;-34.76;0;-0.35
2025.07.18 00:07;AUDUSD;-43.11;0;-0.43
2025.07.18 00:07;TOTAL;-77.87;-;-0.78
2025.07.18 00:08;NZDUSD;-34.76;0;-0.35
2025.07.18 00:08;AUDUSD;-43.11;0;-0.43
2025.07.18 00:08;TOTAL;-77.87;-;-0.78
2025.07.18 00:09;NZDUSD;-34.76;0;-0.35
2025.07.18 00:09;AUDUSD;-43.11;0;-0.43
2025.07.18 00:09;TOTAL;-77.87;-;-0.78
2025.07.18 00:10;NZDUSD;-34.76;0;-0.35
2025.07.18 00:10;AUDUSD;-43.11;0;-0.43
2025.07.18 00:10;TOTAL;-77.87;-;-0.78
2025.07.18 00:11;NZDUSD;-34.76;0;-0.35
2025.07.18 00:11;AUDUSD;-43.11;0;-0.43
2025.07.18 00:11;TOTAL;-77.87;-;-0.78
2025.07.18 00:12;NZDUSD;-34.76;0;-0.35
2025.07.18 00:12;AUDUSD;-38.11;0;-0.38
2025.07.18 00:12;TOTAL;-72.87;-;-0.73
2025.07.18 00:13;NZDUSD;-30.76;0;-0.31
2025.07.18 00:13;AUDUSD;-43.11;0;-0.43
2025.07.18 00:13;TOTAL;-73.87;-;-0.74
2025.07.18 00:14;NZDUSD;-30.76;0;-0.31
2025.07.18 00:14;AUDUSD;-43.11;0;-0.43
2025.07.18 00:14;TOTAL;-73.87;-;-0.74
2025.07.18 00:15;NZDUSD;-30.76;0;-0.31
2025.07.18 00:15;AUDUSD;-43.11;0;-0.43
2025.07.18 00:15;TOTAL;-73.87;-;-0.74
2025.07.18 00:16;NZDUSD;-30.76;0;-0.31
2025.07.18 00:16;AUDUSD;-43.11;0;-0.43
2025.07.18 00:16;TOTAL;-73.87;-;-0.74
2025.07.18 00:17;NZDUSD;-30.76;0;-0.31
2025.07.18 00:17;AUDUSD;-43.11;0;-0.43
2025.07.18 00:17;TOTAL;-73.87;-;-0.74
2025.07.18 00:18;NZDUSD;-30.76;0;-0.31
2025.07.18 00:18;AUDUSD;-43.11;0;-0.43
2025.07.18 00:18;TOTAL;-73.87;-;-0.74
2025.07.18 00:19;NZDUSD;-30.76;0;-0.31
2025.07.18 00:19;AUDUSD;-43.11;0;-0.43
2025.07.18 00:19;TOTAL;-73.87;-;-0.74
2025.07.18 00:20;NZDUSD;-48.76;0;-0.49
2025.07.18 00:20;AUDUSD;-46.11;0;-0.46
2025.07.18 00:20;TOTAL;-94.87;-;-0.95
2025.07.18 00:21;NZDUSD;-48.76;0;-0.49
2025.07.18 00:21;AUDUSD;-46.11;0;-0.46
2025.07.18 00:21;TOTAL;-94.87;-;-0.95
2025.07.18 00:22;NZDUSD;-48.76;0;-0.49
2025.07.18 00:22;AUDUSD;-41.11;0;-0.41
2025.07.18 00:22;TOTAL;-89.87;-;-0.90
2025.07.18 00:23;NZDUSD;-48.76;0;-0.49
2025.07.18 00:23;AUDUSD;-41.11;0;-0.41
2025.07.18 00:23;TOTAL;-89.87;-;-0.90
2025.07.18 00:24;NZDUSD;-35.76;0;-0.36
2025.07.18 00:24;AUDUSD;-41.11;0;-0.41
2025.07.18 00:24;TOTAL;-76.87;-;-0.77
2025.07.18 00:25;NZDUSD;-35.76;0;-0.36
2025.07.18 00:25;AUDUSD;-46.11;0;-0.46
2025.07.18 00:25;TOTAL;-81.87;-;-0.82
2025.07.18 00:26;NZDUSD;-35.76;0;-0.36
2025.07.18 00:26;AUDUSD;-46.11;0;-0.46
2025.07.18 00:26;TOTAL;-81.87;-;-0.82
2025.07.18 00:27;NZDUSD;-35.76;0;-0.36
2025.07.18 00:27;AUDUSD;-46.11;0;-0.46
2025.07.18 00:27;TOTAL;-81.87;-;-0.82
2025.07.18 00:28;NZDUSD;-22.76;0;-0.23
2025.07.18 00:28;AUDUSD;-46.11;0;-0.46
2025.07.18 00:28;TOTAL;-68.87;-;-0.69
2025.07.18 00:29;NZDUSD;-22.76;0;-0.23
2025.07.18 00:29;AUDUSD;-71.11;0;-0.71
2025.07.18 00:29;TOTAL;-93.87;-;-0.94
2025.07.18 00:30;NZDUSD;-22.76;0;-0.23
2025.07.18 00:30;AUDUSD;-46.11;0;-0.46
2025.07.18 00:30;TOTAL;-68.87;-;-0.69
2025.07.18 00:31;NZDUSD;-21.76;0;-0.22
2025.07.18 00:31;AUDUSD;-46.11;0;-0.46
2025.07.18 00:31;TOTAL;-67.87;-;-0.68
2025.07.18 00:32;NZDUSD;-21.76;0;-0.22
2025.07.18 00:32;AUDUSD;-30.11;0;-0.30
2025.07.18 00:32;TOTAL;-51.87;-;-0.52
2025.07.18 00:33;NZDUSD;-21.76;0;-0.22
2025.07.18 00:33;AUDUSD;-37.11;0;-0.37
2025.07.18 00:33;TOTAL;-58.87;-;-0.59
2025.07.18 00:34;NZDUSD;-9.76;0;-0.10
2025.07.18 00:34;AUDUSD;-54.11;0;-0.54
2025.07.18 00:34;TOTAL;-63.87;-;-0.64
2025.07.18 00:35;NZDUSD;-4.76;0;-0.05
2025.07.18 00:35;AUDUSD;-51.11;0;-0.51
2025.07.18 00:35;TOTAL;-55.87;-;-0.56
2025.07.18 00:36;NZDUSD;-4.76;0;-0.05
2025.07.18 00:36;AUDUSD;-51.11;0;-0.51
2025.07.18 00:36;TOTAL;-55.87;-;-0.56
2025.07.18 00:37;NZDUSD;-4.76;0;-0.05
2025.07.18 00:37;AUDUSD;-54.11;0;-0.54
2025.07.18 00:37;TOTAL;-58.87;-;-0.59
2025.07.18 00:38;NZDUSD;-4.76;0;-0.05
2025.07.18 00:38;AUDUSD;-51.11;0;-0.51
2025.07.18 00:38;TOTAL;-55.87;-;-0.56
2025.07.18 00:39;NZDUSD;-4.76;0;-0.05
2025.07.18 00:39;AUDUSD;-42.11;0;-0.42
2025.07.18 00:39;TOTAL;-46.87;-;-0.47
2025.07.18 00:40;NZDUSD;-7.76;0;-0.08
2025.07.18 00:40;AUDUSD;-23.11;0;-0.23
2025.07.18 00:40;TOTAL;-30.87;-;-0.31
2025.07.18 00:41;NZDUSD;-5.76;0;-0.06
2025.07.18 00:41;AUDUSD;-24.11;0;-0.24
2025.07.18 00:41;TOTAL;-29.87;-;-0.30
2025.07.18 00:42;NZDUSD;-20.76;0;-0.21
2025.07.18 00:42;AUDUSD;-29.11;0;-0.29
2025.07.18 00:42;TOTAL;-49.87;-;-0.50
2025.07.18 00:43;NZDUSD;-21.76;0;-0.22
2025.07.18 00:43;AUDUSD;-29.11;0;-0.29
2025.07.18 00:43;TOTAL;-50.87;-;-0.51
2025.07.18 00:44;NZDUSD;-18.76;0;-0.19
2025.07.18 00:44;AUDUSD;-33.11;0;-0.33
2025.07.18 00:44;TOTAL;-51.87;-;-0.52
2025.07.18 00:45;NZDUSD;-20.76;0;-0.21
2025.07.18 00:45;AUDUSD;-27.11;0;-0.27
2025.07.18 00:45;TOTAL;-47.87;-;-0.48
2025.07.18 00:46;NZDUSD;-18.76;0;-0.19
2025.07.18 00:46;AUDUSD;-28.11;0;-0.28
2025.07.18 00:46;TOTAL;-46.87;-;-0.47
2025.07.18 00:47;NZDUSD;-17.76;0;-0.18
2025.07.18 00:47;AUDUSD;-29.11;0;-0.29
2025.07.18 00:47;TOTAL;-46.87;-;-0.47
2025.07.18 00:48;NZDUSD;-20.76;0;-0.21
2025.07.18 00:48;AUDUSD;-29.11;0;-0.29
2025.07.18 00:48;TOTAL;-49.87;-;-0.50
2025.07.18 00:49;NZDUSD;-21.76;0;-0.22
2025.07.18 00:49;AUDUSD;-30.11;0;-0.30
2025.07.18 00:49;TOTAL;-51.87;-;-0.52
2025.07.18 00:50;NZDUSD;-21.76;0;-0.22
2025.07.18 00:50;AUDUSD;-29.11;0;-0.29
2025.07.18 00:50;TOTAL;-50.87;-;-0.51
2025.07.18 00:51;NZDUSD;-21.76;0;-0.22
2025.07.18 00:51;AUDUSD;-29.11;0;-0.29
2025.07.18 00:51;TOTAL;-50.87;-;-0.51
2025.07.18 00:52;NZDUSD;-23.76;0;-0.24
2025.07.18 00:52;AUDUSD;-33.11;0;-0.33
2025.07.18 00:52;TOTAL;-56.87;-;-0.57
2025.07.18 00:53;NZDUSD;-21.76;0;-0.22
2025.07.18 00:53;AUDUSD;-36.11;0;-0.36
2025.07.18 00:53;TOTAL;-57.87;-;-0.58
2025.07.18 00:54;NZDUSD;-21.76;0;-0.22
2025.07.18 00:54;AUDUSD;-33.11;0;-0.33
2025.07.18 00:54;TOTAL;-54.87;-;-0.55
2025.07.18 00:55;NZDUSD;-21.76;0;-0.22
2025.07.18 00:55;AUDUSD;-30.11;0;-0.30
2025.07.18 00:55;TOTAL;-51.87;-;-0.52
2025.07.18 00:56;NZDUSD;-21.76;0;-0.22
2025.07.18 00:56;AUDUSD;-29.11;0;-0.29
2025.07.18 00:56;TOTAL;-50.87;-;-0.51
2025.07.18 00:57;NZDUSD;-21.76;0;-0.22
2025.07.18 00:57;AUDUSD;-27.11;0;-0.27
2025.07.18 00:57;TOTAL;-48.87;-;-0.49
2025.07.18 00:58;NZDUSD;-16.76;0;-0.17
2025.07.18 00:58;AUDUSD;-29.11;0;-0.29
2025.07.18 00:58;TOTAL;-45.87;-;-0.46
2025.07.18 00:59;NZDUSD;-16.76;0;-0.17
2025.07.18 00:59;AUDUSD;-32.11;0;-0.32
2025.07.18 00:59;TOTAL;-48.87;-;-0.49
2025.07.18 01:00;NZDUSD;0.24;0;0.00
2025.07.18 01:00;AUDUSD;-62.11;0;-0.62
2025.07.18 01:00;TOTAL;-61.87;-;-0.62
2025.07.18 01:01;NZDUSD;4.24;0;0.04
2025.07.18 01:01;AUDUSD;-50.11;0;-0.50
2025.07.18 01:01;TOTAL;-45.87;-;-0.46
2025.07.18 01:02;NZDUSD;13.24;0;0.13
2025.07.18 01:02;AUDUSD;-53.11;0;-0.53
2025.07.18 01:02;TOTAL;-39.87;-;-0.40
2025.07.18 01:03;NZDUSD;10.24;0;0.10
2025.07.18 01:03;AUDUSD;-46.11;0;-0.46
2025.07.18 01:03;TOTAL;-35.87;-;-0.36
2025.07.18 01:04;NZDUSD;12.24;0;0.12
2025.07.18 01:04;AUDUSD;-54.11;0;-0.54
2025.07.18 01:04;TOTAL;-41.87;-;-0.42
2025.07.18 01:05;NZDUSD;9.24;0;0.09
2025.07.18 01:05;AUDUSD;-53.11;0;-0.53
2025.07.18 01:05;TOTAL;-43.87;-;-0.44
2025.07.18 01:06;NZDUSD;9.24;0;0.09
2025.07.18 01:06;AUDUSD;-55.11;0;-0.55
2025.07.18 01:06;TOTAL;-45.87;-;-0.46
2025.07.18 01:07;NZDUSD;9.24;0;0.09
2025.07.18 01:07;AUDUSD;-54.11;0;-0.54
2025.07.18 01:07;TOTAL;-44.87;-;-0.45
2025.07.18 01:08;NZDUSD;10.24;0;0.10
2025.07.18 01:08;AUDUSD;-59.11;0;-0.59
2025.07.18 01:08;TOTAL;-48.87;-;-0.49
2025.07.18 01:09;NZDUSD;16.24;0;0.16
2025.07.18 01:09;AUDUSD;-59.11;0;-0.59
2025.07.18 01:09;TOTAL;-42.87;-;-0.43
2025.07.18 01:10;NZDUSD;14.24;0;0.14
2025.07.18 01:10;AUDUSD;-59.11;0;-0.59
2025.07.18 01:10;TOTAL;-44.87;-;-0.45
2025.07.18 01:11;NZDUSD;13.24;0;0.13
2025.07.18 01:11;AUDUSD;-60.11;0;-0.60
2025.07.18 01:11;TOTAL;-46.87;-;-0.47
2025.07.18 01:12;NZDUSD;7.24;0;0.07
2025.07.18 01:12;AUDUSD;-60.11;0;-0.60
2025.07.18 01:12;TOTAL;-52.87;-;-0.53
2025.07.18 01:13;NZDUSD;8.24;0;0.08
2025.07.18 01:13;AUDUSD;-62.11;0;-0.62
2025.07.18 01:13;TOTAL;-53.87;-;-0.54
2025.07.18 01:14;NZDUSD;3.24;0;0.03
2025.07.18 01:14;AUDUSD;-54.11;0;-0.54
2025.07.18 01:14;TOTAL;-50.87;-;-0.51
2025.07.18 01:15;NZDUSD;3.24;0;0.03
2025.07.18 01:15;AUDUSD;-50.11;0;-0.50
2025.07.18 01:15;TOTAL;-46.87;-;-0.47
2025.07.18 01:16;NZDUSD;3.24;0;0.03
2025.07.18 01:16;AUDUSD;-53.11;0;-0.53
2025.07.18 01:16;TOTAL;-49.87;-;-0.50
2025.07.18 01:17;NZDUSD;8.24;0;0.08
2025.07.18 01:17;AUDUSD;-60.11;0;-0.60
2025.07.18 01:17;TOTAL;-51.87;-;-0.52
2025.07.18 01:18;NZDUSD;8.24;0;0.08
2025.07.18 01:18;AUDUSD;-59.11;0;-0.59
2025.07.18 01:18;TOTAL;-50.87;-;-0.51
2025.07.18 01:19;NZDUSD;7.24;0;0.07
2025.07.18 01:19;AUDUSD;-56.11;0;-0.56
2025.07.18 01:19;TOTAL;-48.87;-;-0.49
2025.07.18 01:20;NZDUSD;8.24;0;0.08
2025.07.18 01:20;AUDUSD;-59.11;0;-0.59
2025.07.18 01:20;TOTAL;-50.87;-;-0.51
2025.07.18 01:21;NZDUSD;7.24;0;0.07
2025.07.18 01:21;AUDUSD;-59.11;0;-0.59
2025.07.18 01:21;TOTAL;-51.87;-;-0.52
2025.07.18 01:22;NZDUSD;9.24;0;0.09
2025.07.18 01:22;AUDUSD;-59.11;0;-0.59
2025.07.18 01:22;TOTAL;-49.87;-;-0.50
2025.07.18 01:23;NZDUSD;7.24;0;0.07
2025.07.18 01:23;AUDUSD;-59.11;0;-0.59
2025.07.18 01:23;TOTAL;-51.87;-;-0.52
2025.07.18 01:24;NZDUSD;7.24;0;0.07
2025.07.18 01:24;AUDUSD;-59.11;0;-0.59
2025.07.18 01:24;TOTAL;-51.87;-;-0.52
2025.07.18 01:25;NZDUSD;7.24;0;0.07
2025.07.18 01:25;AUDUSD;-60.11;0;-0.60
2025.07.18 01:25;TOTAL;-52.87;-;-0.53
2025.07.18 01:26;NZDUSD;5.24;0;0.05
2025.07.18 01:26;AUDUSD;-59.11;0;-0.59
2025.07.18 01:26;TOTAL;-53.87;-;-0.54
2025.07.18 01:27;NZDUSD;7.24;0;0.07
2025.07.18 01:27;AUDUSD;-59.11;0;-0.59
2025.07.18 01:27;TOTAL;-51.87;-;-0.52
2025.07.18 01:28;NZDUSD;10.24;0;0.10
2025.07.18 01:28;AUDUSD;-62.11;0;-0.62
2025.07.18 01:28;TOTAL;-51.87;-;-0.52
2025.07.18 01:29;NZDUSD;12.24;0;0.12
2025.07.18 01:29;AUDUSD;-62.11;0;-0.62
2025.07.18 01:29;TOTAL;-49.87;-;-0.50
2025.07.18 01:30;NZDUSD;17.24;0;0.17
2025.07.18 01:30;AUDUSD;-64.11;0;-0.64
2025.07.18 01:30;TOTAL;-46.87;-;-0.47
2025.07.18 01:31;NZDUSD;3.24;0;0.03
2025.07.18 01:31;AUDUSD;-58.11;0;-0.58
2025.07.18 01:31;TOTAL;-54.87;-;-0.55
2025.07.18 01:32;NZDUSD;4.24;0;0.04
2025.07.18 01:32;AUDUSD;-62.11;0;-0.62
2025.07.18 01:32;TOTAL;-57.87;-;-0.58
2025.07.18 01:33;NZDUSD;5.24;0;0.05
2025.07.18 01:33;AUDUSD;-67.11;0;-0.67
2025.07.18 01:33;TOTAL;-61.87;-;-0.62
2025.07.18 01:34;NZDUSD;10.24;0;0.10
2025.07.18 01:34;AUDUSD;-71.11;0;-0.71
2025.07.18 01:34;TOTAL;-60.87;-;-0.61
2025.07.18 01:35;NZDUSD;34.24;0;0.34
2025.07.18 01:35;AUDUSD;-93.11;0;-0.93
2025.07.18 01:35;TOTAL;-58.87;-;-0.59
2025.07.18 01:36;NZDUSD;40.24;0;0.40
2025.07.18 01:36;AUDUSD;-99.11;0;-0.99
2025.07.18 01:36;TOTAL;-58.87;-;-0.59
2025.07.18 01:37;NZDUSD;39.24;0;0.39
2025.07.18 01:37;AUDUSD;-99.11;0;-0.99
2025.07.18 01:37;TOTAL;-59.87;-;-0.60
2025.07.18 01:38;NZDUSD;44.24;0;0.44
2025.07.18 01:38;AUDUSD;-102.11;0;-1.02
2025.07.18 01:38;TOTAL;-57.87;-;-0.58
2025.07.18 01:39;NZDUSD;49.24;0;0.49
2025.07.18 01:39;AUDUSD;-107.11;0;-1.07
2025.07.18 01:39;TOTAL;-57.87;-;-0.58
2025.07.18 01:40;NZDUSD;52.24;0;0.52
2025.07.18 01:40;AUDUSD;-107.11;0;-1.07
2025.07.18 01:40;TOTAL;-54.87;-;-0.55
2025.07.18 01:41;NZDUSD;61.24;0;0.61
2025.07.18 01:41;AUDUSD;-111.11;0;-1.11
2025.07.18 01:41;TOTAL;-49.87;-;-0.50
2025.07.18 01:42;NZDUSD;52.24;0;0.52
2025.07.18 01:42;AUDUSD;-111.11;0;-1.11
2025.07.18 01:42;TOTAL;-58.87;-;-0.59
2025.07.18 01:43;NZDUSD;58.24;0;0.58
2025.07.18 01:43;AUDUSD;-107.11;0;-1.07
2025.07.18 01:43;TOTAL;-48.87;-;-0.49
2025.07.18 01:44;NZDUSD;64.24;0;0.64
2025.07.18 01:44;AUDUSD;-107.11;0;-1.07
2025.07.18 01:44;TOTAL;-42.87;-;-0.43
2025.07.18 01:45;NZDUSD;61.24;0;0.61
2025.07.18 01:45;AUDUSD;-94.11;0;-0.94
2025.07.18 01:45;TOTAL;-32.87;-;-0.33
2025.07.18 01:46;NZDUSD;70.24;0;0.70
2025.07.18 01:46;AUDUSD;-103.11;0;-1.03
2025.07.18 01:46;TOTAL;-32.87;-;-0.33
2025.07.18 01:47;NZDUSD;83.24;0;0.83
2025.07.18 01:47;AUDUSD;-116.11;0;-1.16
2025.07.18 01:47;TOTAL;-32.87;-;-0.33
2025.07.18 01:48;NZDUSD;88.24;0;0.88
2025.07.18 01:48;AUDUSD;-109.11;0;-1.09
2025.07.18 01:48;TOTAL;-20.87;-;-0.21
2025.07.18 01:49;NZDUSD;84.24;0;0.84
2025.07.18 01:49;AUDUSD;-102.11;0;-1.02
2025.07.18 01:49;TOTAL;-17.87;-;-0.18
2025.07.18 01:50;NZDUSD;86.24;0;0.86
2025.07.18 01:50;AUDUSD;-102.11;0;-1.02
2025.07.18 01:50;TOTAL;-15.87;-;-0.16
2025.07.18 01:51;NZDUSD;89.24;0;0.89
2025.07.18 01:51;AUDUSD;-116.11;0;-1.16
2025.07.18 01:51;TOTAL;-26.87;-;-0.27
2025.07.18 01:52;NZDUSD;78.24;0;0.78
2025.07.18 01:52;AUDUSD;-107.11;0;-1.07
2025.07.18 01:52;TOTAL;-28.87;-;-0.29
2025.07.18 01:53;NZDUSD;80.24;0;0.80
2025.07.18 01:53;AUDUSD;-107.11;0;-1.07
2025.07.18 01:53;TOTAL;-26.87;-;-0.27
2025.07.18 01:54;NZDUSD;83.24;0;0.83
2025.07.18 01:54;AUDUSD;-111.11;0;-1.11
2025.07.18 01:54;TOTAL;-27.87;-;-0.28
2025.07.18 01:55;NZDUSD;83.24;0;0.83
2025.07.18 01:55;AUDUSD;-116.11;0;-1.16
2025.07.18 01:55;TOTAL;-32.87;-;-0.33
2025.07.18 01:56;NZDUSD;84.24;0;0.84
2025.07.18 01:56;AUDUSD;-116.11;0;-1.16
2025.07.18 01:56;TOTAL;-31.87;-;-0.32
2025.07.18 01:57;NZDUSD;84.24;0;0.84
2025.07.18 01:57;AUDUSD;-112.11;0;-1.12
2025.07.18 01:57;TOTAL;-27.87;-;-0.28
2025.07.18 01:58;NZDUSD;78.24;0;0.78
2025.07.18 01:58;AUDUSD;-106.11;0;-1.06
2025.07.18 01:58;TOTAL;-27.87;-;-0.28
2025.07.18 01:59;NZDUSD;80.24;0;0.80
2025.07.18 01:59;AUDUSD;-111.11;0;-1.11
2025.07.18 01:59;TOTAL;-30.87;-;-0.31
2025.07.18 02:00;NZDUSD;83.24;0;0.83
2025.07.18 02:00;AUDUSD;-112.11;0;-1.12
2025.07.18 02:00;TOTAL;-28.87;-;-0.29
2025.07.18 02:01;NZDUSD;78.24;0;0.78
2025.07.18 02:01;AUDUSD;-107.11;0;-1.07
2025.07.18 02:01;TOTAL;-28.87;-;-0.29
2025.07.18 02:02;NZDUSD;87.24;0;0.87
2025.07.18 02:02;AUDUSD;-109.11;0;-1.09
2025.07.18 02:02;TOTAL;-21.87;-;-0.22
2025.07.18 02:03;NZDUSD;89.24;0;0.89
2025.07.18 02:03;AUDUSD;-120.11;0;-1.20
2025.07.18 02:03;TOTAL;-30.87;-;-0.31
2025.07.18 02:04;NZDUSD;97.24;0;0.97
2025.07.18 02:04;AUDUSD;-117.11;0;-1.17
2025.07.18 02:04;TOTAL;-19.87;-;-0.20
2025.07.18 02:05;NZDUSD;97.24;0;0.97
2025.07.18 02:05;AUDUSD;-121.11;0;-1.21
2025.07.18 02:05;TOTAL;-23.87;-;-0.24
2025.07.18 02:06;NZDUSD;92.24;0;0.92
2025.07.18 02:06;AUDUSD;-116.11;0;-1.16
2025.07.18 02:06;TOTAL;-23.87;-;-0.24
2025.07.18 02:07;NZDUSD;95.24;0;0.95
2025.07.18 02:07;AUDUSD;-120.11;0;-1.20
2025.07.18 02:07;TOTAL;-24.87;-;-0.25
2025.07.18 02:08;NZDUSD;96.24;0;0.96
2025.07.18 02:08;AUDUSD;-120.11;0;-1.20
2025.07.18 02:08;TOTAL;-23.87;-;-0.24
2025.07.18 02:09;NZDUSD;100.24;0;1.00
2025.07.18 02:09;AUDUSD;-120.11;0;-1.20
2025.07.18 02:09;TOTAL;-19.87;-;-0.20
2025.07.18 02:10;NZDUSD;92.24;0;0.92
2025.07.18 02:10;AUDUSD;-116.11;0;-1.16
2025.07.18 02:10;TOTAL;-23.87;-;-0.24
2025.07.18 02:11;NZDUSD;96.24;0;0.96
2025.07.18 02:11;AUDUSD;-120.11;0;-1.20
2025.07.18 02:11;TOTAL;-23.87;-;-0.24
2025.07.18 02:12;NZDUSD;93.24;0;0.93
2025.07.18 02:12;AUDUSD;-120.11;0;-1.20
2025.07.18 02:12;TOTAL;-26.87;-;-0.27
2025.07.18 02:13;NZDUSD;92.24;0;0.92
2025.07.18 02:13;AUDUSD;-121.11;0;-1.21
2025.07.18 02:13;TOTAL;-28.87;-;-0.29
2025.07.18 02:14;NZDUSD;84.24;0;0.84
2025.07.18 02:14;AUDUSD;-113.11;0;-1.13
2025.07.18 02:14;TOTAL;-28.87;-;-0.29
2025.07.18 02:15;NZDUSD;87.24;0;0.87
2025.07.18 02:15;AUDUSD;-116.11;0;-1.16
2025.07.18 02:15;TOTAL;-28.87;-;-0.29
2025.07.18 02:16;NZDUSD;91.24;0;0.91
2025.07.18 02:16;AUDUSD;-120.11;0;-1.20
2025.07.18 02:16;TOTAL;-28.87;-;-0.29
2025.07.18 02:17;NZDUSD;86.24;0;0.86
2025.07.18 02:17;AUDUSD;-115.11;0;-1.15
2025.07.18 02:17;TOTAL;-28.87;-;-0.29
2025.07.18 02:18;NZDUSD;95.24;0;0.95
2025.07.18 02:18;AUDUSD;-125.11;0;-1.25
2025.07.18 02:18;TOTAL;-29.87;-;-0.30
2025.07.18 02:19;NZDUSD;96.24;0;0.96
2025.07.18 02:19;AUDUSD;-125.11;0;-1.25
2025.07.18 02:19;TOTAL;-28.87;-;-0.29
2025.07.18 02:20;NZDUSD;96.24;0;0.96
2025.07.18 02:20;AUDUSD;-125.11;0;-1.25
2025.07.18 02:20;TOTAL;-28.87;-;-0.29
2025.07.18 02:21;NZDUSD;95.24;0;0.95
2025.07.18 02:21;AUDUSD;-121.11;0;-1.21
2025.07.18 02:21;TOTAL;-25.87;-;-0.26
2025.07.18 02:22;NZDUSD;93.24;0;0.93
2025.07.18 02:22;AUDUSD;-122.11;0;-1.22
2025.07.18 02:22;TOTAL;-28.87;-;-0.29
2025.07.18 02:23;NZDUSD;95.24;0;0.95
2025.07.18 02:23;AUDUSD;-124.11;0;-1.24
2025.07.18 02:23;TOTAL;-28.87;-;-0.29
2025.07.18 02:24;NZDUSD;87.24;0;0.87
2025.07.18 02:24;AUDUSD;-121.11;0;-1.21
2025.07.18 02:24;TOTAL;-33.87;-;-0.34
2025.07.18 02:25;NZDUSD;96.24;0;0.96
2025.07.18 02:25;AUDUSD;-132.11;0;-1.32
2025.07.18 02:25;TOTAL;-35.87;-;-0.36
2025.07.18 02:26;NZDUSD;96.24;0;0.96
2025.07.18 02:26;AUDUSD;-129.11;0;-1.29
2025.07.18 02:26;TOTAL;-32.87;-;-0.33
2025.07.18 02:27;NZDUSD;96.24;0;0.96
2025.07.18 02:27;AUDUSD;-129.11;0;-1.29
2025.07.18 02:27;TOTAL;-32.87;-;-0.33
2025.07.18 02:28;NZDUSD;96.24;0;0.96
2025.07.18 02:28;AUDUSD;-129.11;0;-1.29
2025.07.18 02:28;TOTAL;-32.87;-;-0.33
2025.07.18 02:29;NZDUSD;101.24;0;1.01
2025.07.18 02:29;AUDUSD;-132.11;0;-1.32
2025.07.18 02:29;TOTAL;-30.87;-;-0.31
2025.07.18 02:30;NZDUSD;102.24;0;1.02
2025.07.18 02:30;AUDUSD;-130.11;0;-1.30
2025.07.18 02:30;TOTAL;-27.87;-;-0.28
2025.07.18 02:31;NZDUSD;101.24;0;1.01
2025.07.18 02:31;AUDUSD;-132.11;0;-1.32
2025.07.18 02:31;TOTAL;-30.87;-;-0.31
2025.07.18 02:32;NZDUSD;101.24;0;1.01
2025.07.18 02:32;AUDUSD;-134.11;0;-1.34
2025.07.18 02:32;TOTAL;-32.87;-;-0.33
2025.07.18 02:33;NZDUSD;114.24;0;1.14
2025.07.18 02:33;AUDUSD;-144.11;0;-1.44
2025.07.18 02:33;TOTAL;-29.87;-;-0.30
2025.07.18 02:34;NZDUSD;109.24;0;1.09
2025.07.18 02:34;AUDUSD;-138.11;0;-1.38
2025.07.18 02:34;TOTAL;-28.87;-;-0.29
2025.07.18 02:35;NZDUSD;105.24;0;1.05
2025.07.18 02:35;AUDUSD;-130.11;0;-1.30
2025.07.18 02:35;TOTAL;-24.87;-;-0.25
2025.07.18 02:36;NZDUSD;109.24;0;1.09
2025.07.18 02:36;AUDUSD;-133.11;0;-1.33
2025.07.18 02:36;TOTAL;-23.87;-;-0.24
2025.07.18 02:37;NZDUSD;105.24;0;1.05
2025.07.18 02:37;AUDUSD;-129.11;0;-1.29
2025.07.18 02:37;TOTAL;-23.87;-;-0.24
2025.07.18 02:38;NZDUSD;109.24;0;1.09
2025.07.18 02:38;AUDUSD;-132.11;0;-1.32
2025.07.18 02:38;TOTAL;-22.87;-;-0.23
2025.07.18 02:39;NZDUSD;110.24;0;1.10
2025.07.18 02:39;AUDUSD;-137.11;0;-1.37
2025.07.18 02:39;TOTAL;-26.87;-;-0.27
2025.07.18 02:40;NZDUSD;109.24;0;1.09
2025.07.18 02:40;AUDUSD;-134.11;0;-1.34
2025.07.18 02:40;TOTAL;-24.87;-;-0.25
2025.07.18 02:41;NZDUSD;109.24;0;1.09
2025.07.18 02:41;AUDUSD;-132.11;0;-1.32
2025.07.18 02:41;TOTAL;-22.87;-;-0.23
2025.07.18 02:42;NZDUSD;109.24;0;1.09
2025.07.18 02:42;AUDUSD;-133.11;0;-1.33
2025.07.18 02:42;TOTAL;-23.87;-;-0.24
2025.07.18 02:43;NZDUSD;104.24;0;1.04
2025.07.18 02:43;AUDUSD;-129.11;0;-1.29
2025.07.18 02:43;TOTAL;-24.87;-;-0.25
2025.07.18 02:44;NZDUSD;104.24;0;1.04
2025.07.18 02:44;AUDUSD;-125.11;0;-1.25
2025.07.18 02:44;TOTAL;-20.87;-;-0.21
2025.07.18 02:45;NZDUSD;105.24;0;1.05
2025.07.18 02:45;AUDUSD;-125.11;0;-1.25
2025.07.18 02:45;TOTAL;-19.87;-;-0.20
2025.07.18 02:46;NZDUSD;104.24;0;1.04
2025.07.18 02:46;AUDUSD;-125.11;0;-1.25
2025.07.18 02:46;TOTAL;-20.87;-;-0.21
2025.07.18 02:47;NZDUSD;105.24;0;1.05
2025.07.18 02:47;AUDUSD;-130.11;0;-1.30
2025.07.18 02:47;TOTAL;-24.87;-;-0.25
2025.07.18 02:48;NZDUSD;111.24;0;1.11
2025.07.18 02:48;AUDUSD;-135.11;0;-1.35
2025.07.18 02:48;TOTAL;-23.87;-;-0.24
2025.07.18 02:49;NZDUSD;109.24;0;1.09
2025.07.18 02:49;AUDUSD;-130.11;0;-1.30
2025.07.18 02:49;TOTAL;-20.87;-;-0.21
2025.07.18 02:50;NZDUSD;106.24;0;1.06
2025.07.18 02:50;AUDUSD;-129.11;0;-1.29
2025.07.18 02:50;TOTAL;-22.87;-;-0.23
2025.07.18 02:51;NZDUSD;104.24;0;1.04
2025.07.18 02:51;AUDUSD;-121.11;0;-1.21
2025.07.18 02:51;TOTAL;-16.87;-;-0.17
2025.07.18 02:52;NZDUSD;106.24;0;1.06
2025.07.18 02:52;AUDUSD;-129.11;0;-1.29
2025.07.18 02:52;TOTAL;-22.87;-;-0.23
2025.07.18 02:53;NZDUSD;105.24;0;1.05
2025.07.18 02:53;AUDUSD;-129.11;0;-1.29
2025.07.18 02:53;TOTAL;-23.87;-;-0.24
2025.07.18 02:54;NZDUSD;105.24;0;1.05
2025.07.18 02:54;AUDUSD;-129.11;0;-1.29
2025.07.18 02:54;TOTAL;-23.87;-;-0.24
2025.07.18 02:55;NZDUSD;105.24;0;1.05
2025.07.18 02:55;AUDUSD;-130.11;0;-1.30
2025.07.18 02:55;TOTAL;-24.87;-;-0.25
2025.07.18 02:56;NZDUSD;109.24;0;1.09
2025.07.18 02:56;AUDUSD;-132.11;0;-1.32
2025.07.18 02:56;TOTAL;-22.87;-;-0.23
2025.07.18 02:57;NZDUSD;104.24;0;1.04
2025.07.18 02:57;AUDUSD;-128.11;0;-1.28
2025.07.18 02:57;TOTAL;-23.87;-;-0.24
2025.07.18 02:58;NZDUSD;104.24;0;1.04
2025.07.18 02:58;AUDUSD;-125.11;0;-1.25
2025.07.18 02:58;TOTAL;-20.87;-;-0.21
2025.07.18 02:59;NZDUSD;104.24;0;1.04
2025.07.18 02:59;AUDUSD;-126.11;0;-1.26
2025.07.18 02:59;TOTAL;-21.87;-;-0.22
2025.07.18 03:00;NZDUSD;126.24;0;1.26
2025.07.18 03:00;AUDUSD;-132.11;0;-1.32
2025.07.18 03:00;TOTAL;-5.87;-;-0.06
2025.07.18 03:01;NZDUSD;131.24;0;1.31
2025.07.18 03:01;AUDUSD;-130.11;0;-1.30
2025.07.18 03:01;TOTAL;1.13;-;0.01
2025.07.18 03:02;NZDUSD;127.24;0;1.27
2025.07.18 03:02;AUDUSD;-130.11;0;-1.30
2025.07.18 03:02;TOTAL;-2.87;-;-0.03
2025.07.18 03:03;NZDUSD;123.24;0;1.23
2025.07.18 03:03;AUDUSD;-135.11;0;-1.35
2025.07.18 03:03;TOTAL;-11.87;-;-0.12
2025.07.18 03:04;NZDUSD;132.24;0;1.32
2025.07.18 03:04;AUDUSD;-146.11;0;-1.46
2025.07.18 03:04;TOTAL;-13.87;-;-0.14
2025.07.18 03:05;NZDUSD;132.24;0;1.32
2025.07.18 03:05;AUDUSD;-142.11;0;-1.42
2025.07.18 03:05;TOTAL;-9.87;-;-0.10
2025.07.18 03:06;NZDUSD;144.24;0;1.44
2025.07.18 03:06;AUDUSD;-151.11;0;-1.51
2025.07.18 03:06;TOTAL;-6.87;-;-0.07
2025.07.18 03:07;NZDUSD;131.24;0;1.31
2025.07.18 03:07;AUDUSD;-138.11;0;-1.38
2025.07.18 03:07;TOTAL;-6.87;-;-0.07
2025.07.18 03:08;NZDUSD;122.24;0;1.22
2025.07.18 03:08;AUDUSD;-130.11;0;-1.30
2025.07.18 03:08;TOTAL;-7.87;-;-0.08
2025.07.18 03:09;NZDUSD;126.24;0;1.26
2025.07.18 03:09;AUDUSD;-134.11;0;-1.34
2025.07.18 03:09;TOTAL;-7.87;-;-0.08
2025.07.18 03:10;NZDUSD;124.24;0;1.24
2025.07.18 03:10;AUDUSD;-134.11;0;-1.34
2025.07.18 03:10;TOTAL;-9.87;-;-0.10
2025.07.18 03:11;NZDUSD;123.24;0;1.23
2025.07.18 03:11;AUDUSD;-137.11;0;-1.37
2025.07.18 03:11;TOTAL;-13.87;-;-0.14
2025.07.18 03:12;NZDUSD;122.24;0;1.22
2025.07.18 03:12;AUDUSD;-134.11;0;-1.34
2025.07.18 03:12;TOTAL;-11.87;-;-0.12
2025.07.18 03:13;NZDUSD;102.24;0;1.02
2025.07.18 03:13;AUDUSD;-125.11;0;-1.25
2025.07.18 03:13;TOTAL;-22.87;-;-0.23
2025.07.18 03:14;NZDUSD;105.24;0;1.05
2025.07.18 03:14;AUDUSD;-130.11;0;-1.30
2025.07.18 03:14;TOTAL;-24.87;-;-0.25
2025.07.18 03:15;NZDUSD;101.24;0;1.01
2025.07.18 03:15;AUDUSD;-130.11;0;-1.30
2025.07.18 03:15;TOTAL;-28.87;-;-0.29
2025.07.18 03:16;NZDUSD;106.24;0;1.06
2025.07.18 03:16;AUDUSD;-135.11;0;-1.35
2025.07.18 03:16;TOTAL;-28.87;-;-0.29
2025.07.18 03:17;NZDUSD;115.24;0;1.15
2025.07.18 03:17;AUDUSD;-141.11;0;-1.41
2025.07.18 03:17;TOTAL;-25.87;-;-0.26
2025.07.18 03:18;NZDUSD;105.24;0;1.05
2025.07.18 03:18;AUDUSD;-134.11;0;-1.34
2025.07.18 03:18;TOTAL;-28.87;-;-0.29
2025.07.18 03:19;NZDUSD;105.24;0;1.05
2025.07.18 03:19;AUDUSD;-134.11;0;-1.34
2025.07.18 03:19;TOTAL;-28.87;-;-0.29
2025.07.18 03:20;NZDUSD;121.24;0;1.21
2025.07.18 03:20;AUDUSD;-143.11;0;-1.43
2025.07.18 03:20;TOTAL;-21.87;-;-0.22
2025.07.18 03:21;NZDUSD;132.24;0;1.32
2025.07.18 03:21;AUDUSD;-154.11;0;-1.54
2025.07.18 03:21;TOTAL;-21.87;-;-0.22
2025.07.18 03:22;NZDUSD;139.24;0;1.39
2025.07.18 03:22;AUDUSD;-150.11;0;-1.50
2025.07.18 03:22;TOTAL;-10.87;-;-0.11
2025.07.18 03:23;NZDUSD;136.24;0;1.36
2025.07.18 03:23;AUDUSD;-154.11;0;-1.54
2025.07.18 03:23;TOTAL;-17.87;-;-0.18
2025.07.18 03:24;NZDUSD;137.24;0;1.37
2025.07.18 03:24;AUDUSD;-156.11;0;-1.56
2025.07.18 03:24;TOTAL;-18.87;-;-0.19
2025.07.18 03:25;NZDUSD;137.24;0;1.37
2025.07.18 03:25;AUDUSD;-156.11;0;-1.56
2025.07.18 03:25;TOTAL;-18.87;-;-0.19
2025.07.18 03:26;NZDUSD;145.24;0;1.45
2025.07.18 03:26;AUDUSD;-164.11;0;-1.64
2025.07.18 03:26;TOTAL;-18.87;-;-0.19
2025.07.18 03:27;NZDUSD;146.24;0;1.46
2025.07.18 03:27;AUDUSD;-160.11;0;-1.60
2025.07.18 03:27;TOTAL;-13.87;-;-0.14
2025.07.18 03:28;NZDUSD;152.24;0;1.52
2025.07.18 03:28;AUDUSD;-169.11;0;-1.69
2025.07.18 03:28;TOTAL;-16.87;-;-0.17
2025.07.18 03:29;NZDUSD;148.24;0;1.48
2025.07.18 03:29;AUDUSD;-170.11;0;-1.70
2025.07.18 03:29;TOTAL;-21.87;-;-0.22
2025.07.18 03:30;NZDUSD;153.24;0;1.53
2025.07.18 03:30;AUDUSD;-170.11;0;-1.70
2025.07.18 03:30;TOTAL;-16.87;-;-0.17
2025.07.18 03:31;NZDUSD;144.24;0;1.44
2025.07.18 03:31;AUDUSD;-163.11;0;-1.63
2025.07.18 03:31;TOTAL;-18.87;-;-0.19
2025.07.18 03:32;NZDUSD;153.24;0;1.53
2025.07.18 03:32;AUDUSD;-174.11;0;-1.74
2025.07.18 03:32;TOTAL;-20.87;-;-0.21
2025.07.18 03:33;NZDUSD;162.24;0;1.62
2025.07.18 03:33;AUDUSD;-181.11;0;-1.81
2025.07.18 03:33;TOTAL;-18.87;-;-0.19
2025.07.18 03:34;NZDUSD;174.24;0;1.74
2025.07.18 03:34;AUDUSD;-200.11;0;-2.00
2025.07.18 03:34;TOTAL;-25.87;-;-0.26
2025.07.18 03:35;NZDUSD;167.24;0;1.67
2025.07.18 03:35;AUDUSD;-190.11;0;-1.90
2025.07.18 03:35;TOTAL;-22.87;-;-0.23
2025.07.18 03:36;NZDUSD;166.24;0;1.66
2025.07.18 03:36;AUDUSD;-190.11;0;-1.90
2025.07.18 03:36;TOTAL;-23.87;-;-0.24
2025.07.18 03:37;NZDUSD;178.24;0;1.78
2025.07.18 03:37;AUDUSD;-196.11;0;-1.96
2025.07.18 03:37;TOTAL;-17.87;-;-0.18
2025.07.18 03:38;NZDUSD;188.24;0;1.88
2025.07.18 03:38;AUDUSD;-199.11;0;-1.99
2025.07.18 03:38;TOTAL;-10.87;-;-0.11
2025.07.18 03:39;NZDUSD;206.24;0;2.06
2025.07.18 03:39;AUDUSD;-208.11;0;-2.08
2025.07.18 03:39;TOTAL;-1.87;-;-0.02
2025.07.18 03:40;NZDUSD;219.24;0;2.19
2025.07.18 03:40;AUDUSD;-231.11;0;-2.31
2025.07.18 03:40;TOTAL;-11.87;-;-0.12
2025.07.18 03:41;NZDUSD;214.24;0;2.14
2025.07.18 03:41;AUDUSD;-221.11;0;-2.21
2025.07.18 03:41;TOTAL;-6.87;-;-0.07
2025.07.18 03:42;NZDUSD;211.24;0;2.11
2025.07.18 03:42;AUDUSD;-220.11;0;-2.20
2025.07.18 03:42;TOTAL;-8.87;-;-0.09
2025.07.18 03:43;NZDUSD;202.24;0;2.02
2025.07.18 03:43;AUDUSD;-214.11;0;-2.14
2025.07.18 03:43;TOTAL;-11.87;-;-0.12
2025.07.18 03:44;NZDUSD;207.24;0;2.07
2025.07.18 03:44;AUDUSD;-214.11;0;-2.14
2025.07.18 03:44;TOTAL;-6.87;-;-0.07
2025.07.18 03:45;NZDUSD;215.24;0;2.15
2025.07.18 03:45;AUDUSD;-221.11;0;-2.21
2025.07.18 03:45;TOTAL;-5.87;-;-0.06
2025.07.18 03:46;NZDUSD;215.24;0;2.15
2025.07.18 03:46;AUDUSD;-220.11;0;-2.20
2025.07.18 03:46;TOTAL;-4.87;-;-0.05
2025.07.18 03:47;NZDUSD;214.24;0;2.14
2025.07.18 03:47;AUDUSD;-221.11;0;-2.21
2025.07.18 03:47;TOTAL;-6.87;-;-0.07
2025.07.18 03:48;NZDUSD;219.24;0;2.19
2025.07.18 03:48;AUDUSD;-221.11;0;-2.21
2025.07.18 03:48;TOTAL;-1.87;-;-0.02
2025.07.18 03:49;NZDUSD;219.24;0;2.19
2025.07.18 03:49;AUDUSD;-222.11;0;-2.22
2025.07.18 03:49;TOTAL;-2.87;-;-0.03
2025.07.18 03:50;NZDUSD;216.24;0;2.16
2025.07.18 03:50;AUDUSD;-225.11;0;-2.25
2025.07.18 03:50;TOTAL;-8.87;-;-0.09
2025.07.18 03:51;NZDUSD;222.24;0;2.22
2025.07.18 03:51;AUDUSD;-231.11;0;-2.31
2025.07.18 03:51;TOTAL;-8.87;-;-0.09
2025.07.18 03:52;NZDUSD;198.24;0;1.98
2025.07.18 03:52;AUDUSD;-212.11;0;-2.12
2025.07.18 03:52;TOTAL;-13.87;-;-0.14
2025.07.18 03:53;NZDUSD;203.24;0;2.03
2025.07.18 03:53;AUDUSD;-212.11;0;-2.12
2025.07.18 03:53;TOTAL;-8.87;-;-0.09
2025.07.18 03:54;NZDUSD;183.24;0;1.83
2025.07.18 03:54;AUDUSD;-195.11;0;-1.95
2025.07.18 03:54;TOTAL;-11.87;-;-0.12
2025.07.18 03:55;NZDUSD;179.24;0;1.79
2025.07.18 03:55;AUDUSD;-200.11;0;-2.00
2025.07.18 03:55;TOTAL;-20.87;-;-0.21
2025.07.18 03:56;NZDUSD;172.24;0;1.72
2025.07.18 03:56;AUDUSD;-192.11;0;-1.92
2025.07.18 03:56;TOTAL;-19.87;-;-0.20
2025.07.18 03:57;NZDUSD;171.24;0;1.71
2025.07.18 03:57;AUDUSD;-188.11;0;-1.88
2025.07.18 03:57;TOTAL;-16.87;-;-0.17
2025.07.18 03:58;NZDUSD;192.24;0;1.92
2025.07.18 03:58;AUDUSD;-195.11;0;-1.95
2025.07.18 03:58;TOTAL;-2.87;-;-0.03
2025.07.18 03:59;NZDUSD;202.24;0;2.02
2025.07.18 03:59;AUDUSD;-213.11;0;-2.13
2025.07.18 03:59;TOTAL;-10.87;-;-0.11
2025.07.18 04:00;NZDUSD;206.24;0;2.07
2025.07.18 04:00;AUDUSD;-220.11;0;-2.21
2025.07.18 04:00;AUDUSD;-0.45;78;-0.00
2025.07.18 04:00;TOTAL;-14.32;-;-0.14
2025.07.18 04:01;NZDUSD;220.24;0;2.21
2025.07.18 04:01;AUDUSD;-230.11;0;-2.31
2025.07.18 04:01;TOTAL;-9.87;-;-0.10
2025.07.18 04:02;NZDUSD;233.24;0;2.34
2025.07.18 04:02;AUDUSD;-240.11;0;-2.41
2025.07.18 04:02;TOTAL;-6.87;-;-0.07
2025.07.18 04:03;NZDUSD;240.24;0;2.41
2025.07.18 04:03;AUDUSD;-240.11;0;-2.41
2025.07.18 04:03;TOTAL;0.13;-;0.00
2025.07.18 04:04;NZDUSD;236.24;0;2.37
2025.07.18 04:04;AUDUSD;-235.11;0;-2.36
2025.07.18 04:04;TOTAL;1.13;-;0.01
2025.07.18 04:05;NZDUSD;223.24;0;2.24
2025.07.18 04:05;AUDUSD;-234.11;0;-2.35
2025.07.18 04:05;TOTAL;-10.87;-;-0.11
2025.07.18 04:06;NZDUSD;205.24;0;2.06
2025.07.18 04:06;AUDUSD;-221.11;0;-2.22
2025.07.18 04:06;TOTAL;-15.87;-;-0.16
2025.07.18 04:07;NZDUSD;201.24;0;2.02
2025.07.18 04:07;AUDUSD;-217.11;0;-2.18
2025.07.18 04:07;TOTAL;-15.87;-;-0.16
2025.07.18 04:08;NZDUSD;212.24;0;2.13
2025.07.18 04:08;AUDUSD;-222.11;0;-2.23
2025.07.18 04:08;TOTAL;-9.87;-;-0.10
2025.07.18 04:09;NZDUSD;219.24;0;2.20
2025.07.18 04:09;AUDUSD;-226.11;0;-2.27
2025.07.18 04:09;TOTAL;-6.87;-;-0.07
2025.07.18 04:10;NZDUSD;216.24;0;2.17
2025.07.18 04:10;AUDUSD;-225.11;0;-2.26
2025.07.18 04:10;TOTAL;-8.87;-;-0.09
2025.07.18 04:11;NZDUSD;219.24;0;2.20
2025.07.18 04:11;AUDUSD;-226.11;0;-2.27
2025.07.18 04:11;TOTAL;-6.87;-;-0.07
2025.07.18 04:12;NZDUSD;211.24;0;2.12
2025.07.18 04:12;AUDUSD;-221.11;0;-2.22
2025.07.18 04:12;TOTAL;-9.87;-;-0.10
2025.07.18 04:13;NZDUSD;211.24;0;2.12
2025.07.18 04:13;AUDUSD;-214.11;0;-2.15
2025.07.18 04:13;TOTAL;-2.87;-;-0.03
2025.07.18 04:14;NZDUSD;218.24;0;2.19
2025.07.18 04:14;AUDUSD;-217.11;0;-2.18
2025.07.18 04:14;TOTAL;1.13;-;0.01
2025.07.18 04:15;NZDUSD;216.24;0;2.18
2025.07.18 04:15;AUDUSD;-214.11;0;-2.15
2025.07.18 04:15;AUDUSD;-0.35;78;-0.00
2025.07.18 04:15;TOTAL;1.78;-;0.02
2025.07.18 04:16;NZDUSD;212.24;0;2.14
2025.07.18 04:16;AUDUSD;-209.11;0;-2.11
2025.07.18 04:16;AUDUSD;-0.35;78;-0.00
2025.07.18 04:16;TOTAL;2.78;-;0.03
2025.07.18 04:17;NZDUSD;222.24;0;2.24
2025.07.18 04:17;AUDUSD;-214.11;0;-2.16
2025.07.18 04:17;AUDUSD;-0.35;78;-0.00
2025.07.18 04:17;TOTAL;7.78;-;0.08
2025.07.18 04:18;NZDUSD;223.24;0;2.25
2025.07.18 04:18;AUDUSD;-214.11;0;-2.16
2025.07.18 04:18;AUDUSD;-0.40;78;-0.00
2025.07.18 04:18;TOTAL;8.73;-;0.09
2025.07.18 04:19;NZDUSD;225.24;0;2.28
2025.07.18 04:19;AUDUSD;-213.11;0;-2.16
2025.07.18 04:19;AUDUSD;-0.45;78;-0.00
2025.07.18 04:19;TOTAL;11.68;-;0.12
2025.07.18 04:20;NZDUSD;228.24;0;2.31
2025.07.18 04:20;AUDUSD;-220.11;0;-2.23
2025.07.18 04:20;AUDUSD;-0.40;78;-0.00
2025.07.18 04:20;TOTAL;7.73;-;0.08
2025.07.18 04:21;NZDUSD;224.24;0;2.28
2025.07.18 04:21;AUDUSD;-221.11;0;-2.25
2025.07.18 04:21;AUDUSD;-0.45;78;-0.00
2025.07.18 04:21;TOTAL;2.68;-;0.03
2025.07.18 04:22;NZDUSD;231.24;0;2.35
2025.07.18 04:22;AUDUSD;-221.11;0;-2.25
2025.07.18 04:22;AUDUSD;-0.40;78;-0.00
2025.07.18 04:22;TOTAL;9.73;-;0.10
2025.07.18 04:23;NZDUSD;229.24;0;2.34
2025.07.18 04:23;AUDUSD;-220.11;0;-2.24
2025.07.18 04:23;AUDUSD;-0.35;78;-0.00
2025.07.18 04:23;TOTAL;8.78;-;0.09
2025.07.18 04:24;NZDUSD;222.24;0;2.27
2025.07.18 04:24;AUDUSD;-212.11;0;-2.17
2025.07.18 04:24;AUDUSD;-0.40;78;-0.00
2025.07.18 04:24;TOTAL;9.73;-;0.10
2025.07.18 04:25;NZDUSD;228.24;0;2.34
2025.07.18 04:25;AUDUSD;-217.11;0;-2.22
2025.07.18 04:25;AUDUSD;-0.35;78;-0.00
2025.07.18 04:25;TOTAL;10.78;-;0.11
2025.07.18 04:26;NZDUSD;227.24;0;2.33
2025.07.18 04:26;AUDUSD;-213.11;0;-2.18
2025.07.18 04:26;AUDUSD;-0.45;78;-0.00
2025.07.18 04:26;TOTAL;13.68;-;0.14
2025.07.18 04:27;NZDUSD;224.24;0;2.30
2025.07.18 04:27;AUDUSD;-208.11;0;-2.13
2025.07.18 04:27;AUDUSD;-0.25;78;-0.00
2025.07.18 04:27;TOTAL;15.88;-;0.16
2025.07.18 04:28;NZDUSD;232.24;0;2.38
2025.07.18 04:28;AUDUSD;-213.11;0;-2.19
2025.07.18 04:28;AUDUSD;-0.30;78;-0.00
2025.07.18 04:28;TOTAL;18.83;-;0.19
2025.07.18 04:29;NZDUSD;227.24;0;2.34
2025.07.18 04:29;AUDUSD;-208.11;0;-2.14
2025.07.18 04:29;AUDUSD;-0.40;78;-0.00
2025.07.18 04:29;TOTAL;18.73;-;0.19
2025.07.18 04:30;NZDUSD;212.24;0;2.19
2025.07.18 04:30;AUDUSD;-195.11;0;-2.01
2025.07.18 04:30;AUDUSD;-0.45;78;-0.00
2025.07.18 04:30;TOTAL;16.68;-;0.17
2025.07.18 04:31;NZDUSD;233.24;0;2.41
2025.07.18 04:31;AUDUSD;-209.11;0;-2.16
2025.07.18 04:31;AUDUSD;-0.45;78;-0.00
2025.07.18 04:31;TOTAL;23.68;-;0.24
2025.07.18 04:32;NZDUSD;235.24;0;2.44
2025.07.18 04:32;AUDUSD;-205.11;0;-2.13
2025.07.18 04:32;AUDUSD;-0.50;78;-0.01
2025.07.18 04:32;TOTAL;29.63;-;0.31
2025.07.18 04:33;NZDUSD;250.24;0;2.60
2025.07.18 04:33;AUDUSD;-214.11;0;-2.22
2025.07.18 04:33;AUDUSD;-0.40;78;-0.00
2025.07.18 04:33;TOTAL;35.73;-;0.37
2025.07.18 04:34;NZDUSD;253.24;0;2.63
2025.07.18 04:34;AUDUSD;-220.11;0;-2.29
2025.07.18 04:34;AUDUSD;-0.40;78;-0.00
2025.07.18 04:34;TOTAL;32.73;-;0.34
2025.07.18 04:35;NZDUSD;244.24;0;2.55
2025.07.18 04:35;AUDUSD;-209.11;0;-2.18
2025.07.18 04:35;AUDUSD;-0.35;78;-0.00
2025.07.18 04:35;TOTAL;34.78;-;0.36
2025.07.18 04:36;NZDUSD;241.24;0;2.52
2025.07.18 04:36;AUDUSD;-204.11;0;-2.13
2025.07.18 04:36;AUDUSD;-0.35;78;-0.00
2025.07.18 04:36;TOTAL;36.78;-;0.38
2025.07.18 04:37;NZDUSD;232.24;0;2.43
2025.07.18 04:37;AUDUSD;-204.11;0;-2.14
2025.07.18 04:37;AUDUSD;-0.45;78;-0.00
2025.07.18 04:37;TOTAL;27.68;-;0.29
2025.07.18 04:38;NZDUSD;241.24;0;2.53
2025.07.18 04:38;AUDUSD;-213.11;0;-2.23
2025.07.18 04:38;AUDUSD;-0.50;78;-0.01
2025.07.18 04:38;TOTAL;27.63;-;0.29
2025.07.18 04:39;NZDUSD;244.24;0;2.56
2025.07.18 04:39;AUDUSD;-212.11;0;-2.23
2025.07.18 04:39;AUDUSD;-0.40;78;-0.00
2025.07.18 04:39;TOTAL;31.73;-;0.33
2025.07.18 04:40;NZDUSD;237.24;0;2.50
2025.07.18 04:40;AUDUSD;-198.11;0;-2.09
2025.07.18 04:40;AUDUSD;-0.45;78;-0.00
2025.07.18 04:40;TOTAL;38.68;-;0.41
2025.07.18 04:41;NZDUSD;241.24;0;2.54
2025.07.18 04:41;AUDUSD;-198.11;0;-2.09
2025.07.18 04:41;AUDUSD;-0.45;78;-0.00
2025.07.18 04:41;TOTAL;42.68;-;0.45
2025.07.18 04:42;NZDUSD;237.24;0;2.50
2025.07.18 04:42;AUDUSD;-200.11;0;-2.11
2025.07.18 04:42;AUDUSD;-0.45;78;-0.00
2025.07.18 04:42;TOTAL;36.68;-;0.39
2025.07.18 04:43;NZDUSD;235.24;0;2.49
2025.07.18 04:43;AUDUSD;-195.11;0;-2.06
2025.07.18 04:43;AUDUSD;-0.45;78;-0.00
2025.07.18 04:43;TOTAL;39.68;-;0.42
2025.07.18 04:44;NZDUSD;224.24;0;2.37
2025.07.18 04:44;AUDUSD;-186.11;0;-1.97
2025.07.18 04:44;AUDUSD;-0.30;78;-0.00
2025.07.18 04:44;TOTAL;37.83;-;0.40
2025.07.18 04:45;NZDUSD;241.24;0;2.56
2025.07.18 04:45;AUDUSD;-200.11;0;-2.12
2025.07.18 04:45;AUDUSD;-0.30;168;-0.00
2025.07.18 04:45;TOTAL;40.83;-;0.43
2025.07.18 04:46;NZDUSD;254.24;0;2.70
2025.07.18 04:46;AUDUSD;-208.11;0;-2.21
2025.07.18 04:46;AUDUSD;-0.30;168;-0.00
2025.07.18 04:46;TOTAL;45.83;-;0.49
2025.07.18 04:47;NZDUSD;262.24;0;2.79
2025.07.18 04:47;AUDUSD;-220.11;0;-2.34
2025.07.18 04:47;AUDUSD;-0.45;168;-0.00
2025.07.18 04:47;TOTAL;41.68;-;0.44
2025.07.18 04:48;NZDUSD;271.24;0;2.89
2025.07.18 04:48;AUDUSD;-226.11;0;-2.41
2025.07.18 04:48;AUDUSD;-0.45;168;-0.00
2025.07.18 04:48;TOTAL;44.68;-;0.48
2025.07.18 04:49;NZDUSD;267.24;0;2.85
2025.07.18 04:49;AUDUSD;-221.11;0;-2.36
2025.07.18 04:49;AUDUSD;-0.45;168;-0.00
2025.07.18 04:49;TOTAL;45.68;-;0.49
2025.07.18 04:50;NZDUSD;272.24;0;2.90
2025.07.18 04:50;AUDUSD;-222.11;0;-2.37
2025.07.18 04:50;AUDUSD;-0.45;78;-0.00
2025.07.18 04:50;TOTAL;49.68;-;0.53
2025.07.18 04:51;NZDUSD;269.24;0;2.88
2025.07.18 04:51;AUDUSD;-220.11;0;-2.35
2025.07.18 04:51;AUDUSD;-0.40;78;-0.00
2025.07.18 04:51;TOTAL;48.73;-;0.52
2025.07.18 04:52;NZDUSD;269.24;0;2.88
2025.07.18 04:52;AUDUSD;-218.11;0;-2.34
2025.07.18 04:52;AUDUSD;-0.35;78;-0.00
2025.07.18 04:52;TOTAL;50.78;-;0.54
2025.07.18 04:53;NZDUSD;262.24;0;2.82
2025.07.18 04:53;AUDUSD;-213.11;0;-2.29
2025.07.18 04:53;AUDUSD;-0.50;78;-0.01
2025.07.18 04:53;TOTAL;48.63;-;0.52
2025.07.18 04:54;NZDUSD;271.24;0;2.92
2025.07.18 04:54;AUDUSD;-221.11;0;-2.38
2025.07.18 04:54;AUDUSD;-0.45;78;-0.00
2025.07.18 04:54;TOTAL;49.68;-;0.53
2025.07.18 04:55;NZDUSD;260.24;0;2.80
2025.07.18 04:55;AUDUSD;-212.11;0;-2.28
2025.07.18 04:55;AUDUSD;-0.50;78;-0.01
2025.07.18 04:55;TOTAL;47.63;-;0.51
2025.07.18 04:56;NZDUSD;254.24;0;2.74
2025.07.18 04:56;AUDUSD;-200.11;0;-2.16
2025.07.18 04:56;AUDUSD;-0.45;78;-0.00
2025.07.18 04:56;TOTAL;53.68;-;0.58
2025.07.18 04:57;NZDUSD;251.24;0;2.71
2025.07.18 04:57;AUDUSD;-200.11;0;-2.16
2025.07.18 04:57;AUDUSD;-0.35;78;-0.00
2025.07.18 04:57;TOTAL;50.78;-;0.55
2025.07.18 04:58;NZDUSD;236.24;0;2.56
2025.07.18 04:58;AUDUSD;-190.11;0;-2.06
2025.07.18 04:58;TOTAL;46.13;-;0.50
2025.07.18 04:59;NZDUSD;227.24;0;2.46
2025.07.18 04:59;AUDUSD;-181.11;0;-1.96
2025.07.18 04:59;AUDUSD;-0.45;78;-0.00
2025.07.18 04:59;TOTAL;45.68;-;0.50
2025.07.18 05:00;NZDUSD;242.24;0;2.63
2025.07.18 05:00;AUDUSD;-212.11;0;-2.31
2025.07.18 05:00;AUDUSD;-0.45;168;-0.00
2025.07.18 05:00;TOTAL;29.68;-;0.32
2025.07.18 05:01;NZDUSD;229.24;0;2.50
2025.07.18 05:01;AUDUSD;-196.11;0;-2.14
2025.07.18 05:01;AUDUSD;-0.40;168;-0.00
2025.07.18 05:01;TOTAL;32.73;-;0.36
2025.07.18 05:02;NZDUSD;225.24;0;2.46
2025.07.18 05:02;AUDUSD;-195.11;0;-2.13
2025.07.18 05:02;AUDUSD;-0.50;168;-0.01
2025.07.18 05:02;TOTAL;29.63;-;0.32
2025.07.18 05:03;NZDUSD;232.24;0;2.54
2025.07.18 05:03;AUDUSD;-194.11;0;-2.12
2025.07.18 05:03;AUDUSD;-0.50;168;-0.01
2025.07.18 05:03;TOTAL;37.63;-;0.41
2025.07.18 05:04;NZDUSD;225.24;0;2.46
2025.07.18 05:04;AUDUSD;-186.11;0;-2.03
2025.07.18 05:04;AUDUSD;-0.45;168;-0.00
2025.07.18 05:04;TOTAL;38.68;-;0.42
2025.07.18 05:05;NZDUSD;206.24;0;2.26
2025.07.18 05:05;AUDUSD;-179.11;0;-1.96
2025.07.18 05:05;TOTAL;27.13;-;0.30
2025.07.18 05:06;NZDUSD;205.24;0;2.24
2025.07.18 05:06;AUDUSD;-177.11;0;-1.94
2025.07.18 05:06;TOTAL;28.13;-;0.31
2025.07.18 05:07;NZDUSD;188.24;0;2.06
2025.07.18 05:07;AUDUSD;-168.11;0;-1.84
2025.07.18 05:07;TOTAL;20.13;-;0.22
2025.07.18 05:08;NZDUSD;180.24;0;1.97
2025.07.18 05:08;AUDUSD;-160.11;0;-1.75
2025.07.18 05:08;TOTAL;20.13;-;0.22
2025.07.18 05:09;NZDUSD;189.24;0;2.07
2025.07.18 05:09;AUDUSD;-169.11;0;-1.85
2025.07.18 05:09;TOTAL;20.13;-;0.22
2025.07.18 05:10;NZDUSD;196.24;0;2.15
2025.07.18 05:10;AUDUSD;-178.11;0;-1.95
2025.07.18 05:10;TOTAL;18.13;-;0.20
2025.07.18 05:11;NZDUSD;210.24;0;2.30
2025.07.18 05:11;AUDUSD;-182.11;0;-1.99
2025.07.18 05:11;TOTAL;28.13;-;0.31
2025.07.18 05:12;NZDUSD;212.24;0;2.32
2025.07.18 05:12;AUDUSD;-185.11;0;-2.02
2025.07.18 05:12;TOTAL;27.13;-;0.30
2025.07.18 05:13;NZDUSD;225.24;0;2.47
2025.07.18 05:13;AUDUSD;-196.11;0;-2.15
2025.07.18 05:13;AUDUSD;-0.35;168;-0.00
2025.07.18 05:13;TOTAL;28.78;-;0.32
2025.07.18 05:14;NZDUSD;223.24;0;2.45
2025.07.18 05:14;AUDUSD;-191.11;0;-2.10
2025.07.18 05:14;AUDUSD;-0.30;168;-0.00
2025.07.18 05:14;TOTAL;31.83;-;0.35
2025.07.18 05:15;NZDUSD;202.24;0;2.22
2025.07.18 05:15;AUDUSD;-179.11;0;-1.97
2025.07.18 05:15;AUDUSD;-0.35;168;-0.00
2025.07.18 05:15;TOTAL;22.78;-;0.25
2025.07.18 05:16;NZDUSD;202.24;0;2.22
2025.07.18 05:16;AUDUSD;-182.11;0;-2.00
2025.07.18 05:16;AUDUSD;-0.45;168;-0.00
2025.07.18 05:16;TOTAL;19.68;-;0.22
2025.07.18 05:17;NZDUSD;206.24;0;2.27
2025.07.18 05:17;AUDUSD;-187.11;0;-2.06
2025.07.18 05:17;AUDUSD;-0.35;168;-0.00
2025.07.18 05:17;TOTAL;18.78;-;0.21
2025.07.18 05:18;NZDUSD;210.24;0;2.32
2025.07.18 05:18;AUDUSD;-191.11;0;-2.11
2025.07.18 05:18;AUDUSD;-0.35;168;-0.00
2025.07.18 05:18;TOTAL;18.78;-;0.21
2025.07.18 05:19;NZDUSD;210.24;0;2.32
2025.07.18 05:19;AUDUSD;-191.11;0;-2.11
2025.07.18 05:19;AUDUSD;-0.45;168;-0.00
2025.07.18 05:19;TOTAL;18.68;-;0.21
2025.07.18 05:20;NZDUSD;210.24;0;2.32
2025.07.18 05:20;AUDUSD;-191.11;0;-2.11
2025.07.18 05:20;AUDUSD;-0.35;168;-0.00
2025.07.18 05:20;TOTAL;18.78;-;0.21
2025.07.18 05:21;NZDUSD;218.24;0;2.42
2025.07.18 05:21;AUDUSD;-198.11;0;-2.19
2025.07.18 05:21;AUDUSD;-0.35;168;-0.00
2025.07.18 05:21;TOTAL;19.78;-;0.22
2025.07.18 05:22;NZDUSD;222.24;0;2.46
2025.07.18 05:22;AUDUSD;-204.11;0;-2.26
2025.07.18 05:22;AUDUSD;-0.35;168;-0.00
2025.07.18 05:22;TOTAL;17.78;-;0.20
2025.07.18 05:23;NZDUSD;222.24;0;2.46
2025.07.18 05:23;AUDUSD;-200.11;0;-2.22
2025.07.18 05:23;AUDUSD;-0.35;168;-0.00
2025.07.18 05:23;TOTAL;21.78;-;0.24
2025.07.18 05:24;NZDUSD;237.24;0;2.64
2025.07.18 05:24;AUDUSD;-213.11;0;-2.37
2025.07.18 05:24;AUDUSD;-0.45;168;-0.00
2025.07.18 05:24;TOTAL;23.68;-;0.26
2025.07.18 05:25;NZDUSD;229.24;0;2.55
2025.07.18 05:25;AUDUSD;-218.11;0;-2.42
2025.07.18 05:25;AUDUSD;-0.35;78;-0.00
2025.07.18 05:25;TOTAL;10.78;-;0.12
2025.07.18 05:26;NZDUSD;235.24;0;2.62
2025.07.18 05:26;AUDUSD;-221.11;0;-2.46
2025.07.18 05:26;AUDUSD;-0.45;78;-0.01
2025.07.18 05:26;TOTAL;13.68;-;0.15
2025.07.18 05:27;NZDUSD;237.24;0;2.64
2025.07.18 05:27;AUDUSD;-225.11;0;-2.51
2025.07.18 05:27;AUDUSD;-0.45;78;-0.01
2025.07.18 05:27;TOTAL;11.68;-;0.13
2025.07.18 05:28;NZDUSD;235.24;0;2.62
2025.07.18 05:28;AUDUSD;-223.11;0;-2.49
2025.07.18 05:28;AUDUSD;-0.35;78;-0.00
2025.07.18 05:28;TOTAL;11.78;-;0.13
2025.07.18 05:29;NZDUSD;241.24;0;2.69
2025.07.18 05:29;AUDUSD;-227.11;0;-2.53
2025.07.18 05:29;TOTAL;14.13;-;0.16
2025.07.18 05:30;NZDUSD;246.24;0;2.75
2025.07.18 05:30;AUDUSD;-233.11;0;-2.60
2025.07.18 05:30;TOTAL;13.13;-;0.15
2025.07.18 05:31;NZDUSD;235.24;0;2.62
2025.07.18 05:31;AUDUSD;-227.11;0;-2.53
2025.07.18 05:31;TOTAL;8.13;-;0.09
2025.07.18 05:32;NZDUSD;232.24;0;2.59
2025.07.18 05:32;AUDUSD;-223.11;0;-2.49
2025.07.18 05:32;TOTAL;9.13;-;0.10
2025.07.18 05:33;NZDUSD;232.24;0;2.59
2025.07.18 05:33;AUDUSD;-221.11;0;-2.47
2025.07.18 05:33;TOTAL;11.13;-;0.12
2025.07.18 05:34;NZDUSD;232.24;0;2.59
2025.07.18 05:34;AUDUSD;-217.11;0;-2.42
2025.07.18 05:34;TOTAL;15.13;-;0.17
2025.07.18 05:35;NZDUSD;237.24;0;2.65
2025.07.18 05:35;AUDUSD;-218.11;0;-2.43
2025.07.18 05:35;TOTAL;19.13;-;0.21
2025.07.18 05:36;NZDUSD;262.24;0;2.93
2025.07.18 05:36;AUDUSD;-229.11;0;-2.56
2025.07.18 05:36;TOTAL;33.13;-;0.37
2025.07.18 05:37;NZDUSD;263.24;0;2.94
2025.07.18 05:37;AUDUSD;-230.11;0;-2.57
2025.07.18 05:37;TOTAL;33.13;-;0.37
2025.07.18 05:38;NZDUSD;260.24;0;2.90
2025.07.18 05:38;AUDUSD;-225.11;0;-2.51
2025.07.18 05:38;TOTAL;35.13;-;0.39
2025.07.18 05:39;NZDUSD;269.24;0;3.00
2025.07.18 05:39;AUDUSD;-226.11;0;-2.52
2025.07.18 05:39;TOTAL;43.13;-;0.48
2025.07.18 05:40;NZDUSD;276.24;0;3.08
2025.07.18 05:40;AUDUSD;-235.11;0;-2.62
2025.07.18 05:40;TOTAL;41.13;-;0.46
2025.07.18 05:41;NZDUSD;281.24;0;3.14
2025.07.18 05:41;AUDUSD;-236.11;0;-2.63
2025.07.18 05:41;TOTAL;45.13;-;0.50
2025.07.18 05:42;NZDUSD;272.24;0;3.04
2025.07.18 05:42;AUDUSD;-227.11;0;-2.53
2025.07.18 05:42;TOTAL;45.13;-;0.50
2025.07.18 05:43;NZDUSD;271.24;0;3.03
2025.07.18 05:43;AUDUSD;-230.11;0;-2.57
2025.07.18 05:43;TOTAL;41.13;-;0.46
2025.07.18 05:44;NZDUSD;268.24;0;2.99
2025.07.18 05:44;AUDUSD;-229.11;0;-2.56
2025.07.18 05:44;TOTAL;39.13;-;0.44
2025.07.18 05:45;NZDUSD;282.24;0;3.15
2025.07.18 05:45;AUDUSD;-235.11;0;-2.62
2025.07.18 05:45;TOTAL;47.13;-;0.53
2025.07.18 05:46;NZDUSD;281.24;0;3.14
2025.07.18 05:46;AUDUSD;-236.11;0;-2.63
2025.07.18 05:46;TOTAL;45.13;-;0.50
2025.07.18 05:47;NZDUSD;293.24;0;3.27
2025.07.18 05:47;AUDUSD;-243.11;0;-2.71
2025.07.18 05:47;TOTAL;50.13;-;0.56
2025.07.18 05:48;NZDUSD;297.24;0;3.32
2025.07.18 05:48;AUDUSD;-239.11;0;-2.67
2025.07.18 05:48;TOTAL;58.13;-;0.65
2025.07.18 05:49;NZDUSD;297.24;0;3.32
2025.07.18 05:49;AUDUSD;-238.11;0;-2.66
2025.07.18 05:49;TOTAL;59.13;-;0.66
2025.07.18 05:50;NZDUSD;281.24;0;3.14
2025.07.18 05:50;AUDUSD;-239.11;0;-2.67
2025.07.18 05:50;TOTAL;42.13;-;0.47
2025.07.18 05:51;NZDUSD;295.24;0;3.29
2025.07.18 05:51;AUDUSD;-251.11;0;-2.80
2025.07.18 05:51;TOTAL;44.13;-;0.49
2025.07.18 05:52;NZDUSD;297.24;0;3.32
2025.07.18 05:52;AUDUSD;-251.11;0;-2.80
2025.07.18 05:52;TOTAL;46.13;-;0.51
2025.07.18 05:53;NZDUSD;303.24;0;3.38
2025.07.18 05:53;AUDUSD;-248.11;0;-2.77
2025.07.18 05:53;TOTAL;55.13;-;0.62
2025.07.18 05:54;NZDUSD;297.24;0;3.32
2025.07.18 05:54;AUDUSD;-244.11;0;-2.72
2025.07.18 05:54;TOTAL;53.13;-;0.59
2025.07.18 05:55;NZDUSD;291.24;0;3.25
2025.07.18 05:55;AUDUSD;-243.11;0;-2.71
2025.07.18 05:55;TOTAL;48.13;-;0.54
2025.07.18 05:56;NZDUSD;295.24;0;3.29
2025.07.18 05:56;AUDUSD;-248.11;0;-2.77
2025.07.18 05:56;TOTAL;47.13;-;0.53
2025.07.18 05:57;NZDUSD;306.24;0;3.42
2025.07.18 05:57;AUDUSD;-253.11;0;-2.82
2025.07.18 05:57;TOTAL;53.13;-;0.59
2025.07.18 05:58;NZDUSD;294.24;0;3.28
2025.07.18 05:58;AUDUSD;-245.11;0;-2.74
2025.07.18 05:58;TOTAL;49.13;-;0.55
2025.07.18 05:59;NZDUSD;291.24;0;3.25
2025.07.18 05:59;AUDUSD;-245.11;0;-2.74
2025.07.18 05:59;TOTAL;46.13;-;0.51
2025.07.18 06:00;NZDUSD;288.24;0;3.22
2025.07.18 06:00;AUDUSD;-242.11;0;-2.70
2025.07.18 06:00;TOTAL;46.13;-;0.51
2025.07.18 06:01;NZDUSD;279.24;0;3.12
2025.07.18 06:01;AUDUSD;-238.11;0;-2.66
2025.07.18 06:01;TOTAL;41.13;-;0.46
2025.07.18 06:02;NZDUSD;294.24;0;3.28
2025.07.18 06:02;AUDUSD;-247.11;0;-2.76
2025.07.18 06:02;TOTAL;47.13;-;0.53
2025.07.18 06:03;NZDUSD;294.24;0;3.28
2025.07.18 06:03;AUDUSD;-245.11;0;-2.74
2025.07.18 06:03;TOTAL;49.13;-;0.55
2025.07.18 06:04;NZDUSD;291.24;0;3.25
2025.07.18 06:04;AUDUSD;-242.11;0;-2.70
2025.07.18 06:04;TOTAL;49.13;-;0.55
2025.07.18 06:05;NZDUSD;290.24;0;3.24
2025.07.18 06:05;AUDUSD;-242.11;0;-2.70
2025.07.18 06:05;TOTAL;48.13;-;0.54
2025.07.18 06:06;NZDUSD;298.24;0;3.33
2025.07.18 06:06;AUDUSD;-248.11;0;-2.77
2025.07.18 06:06;TOTAL;50.13;-;0.56
2025.07.18 06:07;NZDUSD;306.24;0;3.42
2025.07.18 06:07;AUDUSD;-253.11;0;-2.82
2025.07.18 06:07;TOTAL;53.13;-;0.59
2025.07.18 06:08;NZDUSD;285.24;0;3.18
2025.07.18 06:08;AUDUSD;-242.11;0;-2.70
2025.07.18 06:08;TOTAL;43.13;-;0.48
2025.07.18 06:09;NZDUSD;289.24;0;3.23
2025.07.18 06:09;AUDUSD;-239.11;0;-2.67
2025.07.18 06:09;TOTAL;50.13;-;0.56
2025.07.18 06:10;NZDUSD;290.24;0;3.24
2025.07.18 06:10;AUDUSD;-239.11;0;-2.67
2025.07.18 06:10;TOTAL;51.13;-;0.57
2025.07.18 06:11;NZDUSD;294.24;0;3.28
2025.07.18 06:11;AUDUSD;-245.11;0;-2.74
2025.07.18 06:11;TOTAL;49.13;-;0.55
2025.07.18 06:12;NZDUSD;297.24;0;3.32
2025.07.18 06:12;AUDUSD;-249.11;0;-2.78
2025.07.18 06:12;TOTAL;48.13;-;0.54
2025.07.18 06:13;NZDUSD;294.24;0;3.28
2025.07.18 06:13;AUDUSD;-247.11;0;-2.76
2025.07.18 06:13;TOTAL;47.13;-;0.53
2025.07.18 06:14;NZDUSD;289.24;0;3.23
2025.07.18 06:14;AUDUSD;-243.11;0;-2.71
2025.07.18 06:14;TOTAL;46.13;-;0.51
2025.07.18 06:15;NZDUSD;281.24;0;3.14
2025.07.18 06:15;AUDUSD;-236.11;0;-2.64
2025.07.18 06:15;AUDUSD;-0.35;78;-0.00
2025.07.18 06:15;TOTAL;44.78;-;0.50
2025.07.18 06:16;NZDUSD;268.24;0;3.00
2025.07.18 06:16;AUDUSD;-230.11;0;-2.58
2025.07.18 06:16;AUDUSD;-0.50;78;-0.01
2025.07.18 06:16;TOTAL;37.63;-;0.42
2025.07.18 06:17;NZDUSD;273.24;0;3.06
2025.07.18 06:17;AUDUSD;-235.11;0;-2.64
2025.07.18 06:17;AUDUSD;-0.50;78;-0.01
2025.07.18 06:17;TOTAL;37.63;-;0.42
2025.07.18 06:18;NZDUSD;275.24;0;3.09
2025.07.18 06:18;AUDUSD;-235.11;0;-2.64
2025.07.18 06:18;AUDUSD;-0.35;78;-0.00
2025.07.18 06:18;TOTAL;39.78;-;0.45
2025.07.18 06:19;NZDUSD;280.24;0;3.15
2025.07.18 06:19;AUDUSD;-240.11;0;-2.70
2025.07.18 06:19;AUDUSD;-0.50;78;-0.01
2025.07.18 06:19;TOTAL;39.63;-;0.44
2025.07.18 06:20;NZDUSD;276.24;0;3.10
2025.07.18 06:20;AUDUSD;-240.11;0;-2.70
2025.07.18 06:20;AUDUSD;-0.40;78;-0.00
2025.07.18 06:20;TOTAL;35.73;-;0.40
2025.07.18 06:21;NZDUSD;279.24;0;3.14
2025.07.18 06:21;AUDUSD;-245.11;0;-2.76
2025.07.18 06:21;AUDUSD;-0.40;78;-0.00
2025.07.18 06:21;TOTAL;33.73;-;0.38
2025.07.18 06:22;NZDUSD;272.24;0;3.07
2025.07.18 06:22;AUDUSD;-239.11;0;-2.69
2025.07.18 06:22;AUDUSD;-0.35;78;-0.00
2025.07.18 06:22;TOTAL;32.78;-;0.37
2025.07.18 06:23;NZDUSD;276.24;0;3.11
2025.07.18 06:23;AUDUSD;-240.11;0;-2.71
2025.07.18 06:23;AUDUSD;-0.35;78;-0.00
2025.07.18 06:23;TOTAL;35.78;-;0.40
2025.07.18 06:24;NZDUSD;285.24;0;3.22
2025.07.18 06:24;AUDUSD;-245.11;0;-2.76
2025.07.18 06:24;AUDUSD;-0.30;78;-0.00
2025.07.18 06:24;TOTAL;39.83;-;0.45
2025.07.18 06:25;NZDUSD;272.24;0;3.07
2025.07.18 06:25;AUDUSD;-230.11;0;-2.60
2025.07.18 06:25;AUDUSD;-0.50;78;-0.01
2025.07.18 06:25;TOTAL;41.63;-;0.47
2025.07.18 06:26;NZDUSD;263.24;0;2.98
2025.07.18 06:26;AUDUSD;-220.11;0;-2.49
2025.07.18 06:26;AUDUSD;-0.45;78;-0.01
2025.07.18 06:26;TOTAL;42.68;-;0.48
2025.07.18 06:28;NZDUSD;277.24;0;3.14
2025.07.18 06:28;AUDUSD;-226.11;0;-2.56
2025.07.18 06:28;AUDUSD;-0.45;78;-0.01
2025.07.18 06:28;TOTAL;50.68;-;0.57
2025.07.18 06:28;NZDUSD;275.24;0;3.12
2025.07.18 06:28;AUDUSD;-226.11;0;-2.56
2025.07.18 06:28;AUDUSD;-0.50;78;-0.01
2025.07.18 06:28;TOTAL;48.63;-;0.55
2025.07.18 06:29;NZDUSD;272.24;0;3.09
2025.07.18 06:29;AUDUSD;-227.11;0;-2.58
2025.07.18 06:29;AUDUSD;-0.50;78;-0.01
2025.07.18 06:29;TOTAL;44.63;-;0.51
2025.07.18 06:30;NZDUSD;277.24;0;3.15
2025.07.18 06:30;AUDUSD;-230.11;0;-2.61
2025.07.18 06:30;AUDUSD;-0.50;168;-0.01
2025.07.18 06:30;TOTAL;46.63;-;0.53
2025.07.18 06:31;NZDUSD;289.24;0;3.29
2025.07.18 06:31;AUDUSD;-239.11;0;-2.72
2025.07.18 06:31;AUDUSD;-0.50;168;-0.01
2025.07.18 06:31;TOTAL;49.63;-;0.56
2025.07.18 06:32;NZDUSD;285.24;0;3.25
2025.07.18 06:32;AUDUSD;-236.11;0;-2.69
2025.07.18 06:32;AUDUSD;-0.40;168;-0.00
2025.07.18 06:32;TOTAL;48.73;-;0.55
2025.07.18 06:33;NZDUSD;272.24;0;3.10
2025.07.18 06:33;AUDUSD;-226.11;0;-2.58
2025.07.18 06:33;AUDUSD;-0.45;168;-0.01
2025.07.18 06:33;TOTAL;45.68;-;0.52
2025.07.18 06:34;NZDUSD;269.24;0;3.07
2025.07.18 06:34;AUDUSD;-226.11;0;-2.58
2025.07.18 06:34;AUDUSD;-0.50;168;-0.01
2025.07.18 06:34;TOTAL;42.63;-;0.49
2025.07.18 06:35;NZDUSD;269.24;0;3.07
2025.07.18 06:35;AUDUSD;-225.11;0;-2.57
2025.07.18 06:35;TOTAL;44.13;-;0.50
2025.07.18 06:36;NZDUSD;281.24;0;3.21
2025.07.18 06:36;AUDUSD;-239.11;0;-2.73
2025.07.18 06:36;AUDUSD;-0.50;168;-0.01
2025.07.18 06:36;TOTAL;41.63;-;0.48
2025.07.18 06:37;NZDUSD;281.24;0;3.22
2025.07.18 06:37;AUDUSD;-238.11;0;-2.72
2025.07.18 06:37;AUDUSD;-0.50;168;-0.01
2025.07.18 06:37;TOTAL;42.63;-;0.49
2025.07.18 06:39;NZDUSD;276.24;0;3.16
2025.07.18 06:39;AUDUSD;-229.11;0;-2.63
2025.07.18 06:39;AUDUSD;-0.45;168;-0.01
2025.07.18 06:39;TOTAL;46.68;-;0.53
2025.07.18 06:39;NZDUSD;276.24;0;3.17
2025.07.18 06:39;AUDUSD;-223.11;0;-2.56
2025.07.18 06:39;TOTAL;53.13;-;0.61
2025.07.18 06:40;NZDUSD;269.24;0;3.09
2025.07.18 06:40;AUDUSD;-220.11;0;-2.52
2025.07.18 06:40;TOTAL;49.13;-;0.56
2025.07.18 06:41;NZDUSD;266.24;0;3.05
2025.07.18 06:41;AUDUSD;-217.11;0;-2.49
2025.07.18 06:41;TOTAL;49.13;-;0.56
2025.07.18 06:42;NZDUSD;262.24;0;3.01
2025.07.18 06:42;AUDUSD;-214.11;0;-2.45
2025.07.18 06:42;TOTAL;48.13;-;0.55
2025.07.18 06:43;NZDUSD;272.24;0;3.12
2025.07.18 06:43;AUDUSD;-218.11;0;-2.50
2025.07.18 06:43;TOTAL;54.13;-;0.62
2025.07.18 06:44;NZDUSD;266.24;0;3.05
2025.07.18 06:44;AUDUSD;-213.11;0;-2.44
2025.07.18 06:44;TOTAL;53.13;-;0.61
2025.07.18 06:45;NZDUSD;268.24;0;3.07
2025.07.18 06:45;AUDUSD;-217.11;0;-2.49
2025.07.18 06:45;TOTAL;51.13;-;0.59
2025.07.18 06:46;NZDUSD;276.24;0;3.17
2025.07.18 06:46;AUDUSD;-225.11;0;-2.58
2025.07.18 06:46;AUDUSD;-0.40;168;-0.00
2025.07.18 06:46;TOTAL;50.73;-;0.58
2025.07.18 06:47;NZDUSD;269.24;0;3.09
2025.07.18 06:47;AUDUSD;-213.11;0;-2.45
2025.07.18 06:47;TOTAL;56.13;-;0.64
2025.07.18 06:48;NZDUSD;263.24;0;3.02
2025.07.18 06:48;AUDUSD;-205.11;0;-2.35
2025.07.18 06:48;TOTAL;58.13;-;0.67
2025.07.18 06:49;NZDUSD;267.24;0;3.07
2025.07.18 06:49;AUDUSD;-207.11;0;-2.38
2025.07.18 06:49;TOTAL;60.13;-;0.69
2025.07.18 06:50;NZDUSD;257.24;0;2.95
2025.07.18 06:50;AUDUSD;-201.11;0;-2.31
2025.07.18 06:50;TOTAL;56.13;-;0.64
2025.07.18 06:51;NZDUSD;253.24;0;2.91
2025.07.18 06:51;AUDUSD;-195.11;0;-2.24
2025.07.18 06:51;TOTAL;58.13;-;0.67
2025.07.18 06:52;NZDUSD;253.24;0;2.91
2025.07.18 06:52;AUDUSD;-195.11;0;-2.24
2025.07.18 06:52;TOTAL;58.13;-;0.67
2025.07.18 06:53;NZDUSD;251.24;0;2.88
2025.07.18 06:53;AUDUSD;-199.11;0;-2.28
2025.07.18 06:53;TOTAL;52.13;-;0.60
2025.07.18 06:54;NZDUSD;240.24;0;2.76
2025.07.18 06:54;AUDUSD;-191.11;0;-2.19
2025.07.18 06:54;TOTAL;49.13;-;0.56
2025.07.18 06:55;NZDUSD;228.24;0;2.62
2025.07.18 06:55;AUDUSD;-173.11;0;-1.99
2025.07.18 06:55;TOTAL;55.13;-;0.63
2025.07.18 06:56;NZDUSD;228.24;0;2.62
2025.07.18 06:56;AUDUSD;-176.11;0;-2.02
2025.07.18 06:56;TOTAL;52.13;-;0.60
2025.07.18 06:57;NZDUSD;218.24;0;2.50
2025.07.18 06:57;AUDUSD;-168.11;0;-1.93
2025.07.18 06:57;TOTAL;50.13;-;0.58
2025.07.18 06:58;NZDUSD;219.24;0;2.52
2025.07.18 06:58;AUDUSD;-169.11;0;-1.94
2025.07.18 06:58;TOTAL;50.13;-;0.58
2025.07.18 06:59;NZDUSD;219.24;0;2.52
2025.07.18 06:59;AUDUSD;-176.11;0;-2.02
2025.07.18 06:59;TOTAL;43.13;-;0.49
2025.07.18 07:00;NZDUSD;210.24;0;2.41
2025.07.18 07:00;AUDUSD;-164.11;0;-1.88
2025.07.18 07:00;TOTAL;46.13;-;0.53
2025.07.18 07:01;NZDUSD;206.24;0;2.37
2025.07.18 07:01;AUDUSD;-160.11;0;-1.84
2025.07.18 07:01;TOTAL;46.13;-;0.53
2025.07.18 07:02;NZDUSD;207.24;0;2.38
2025.07.18 07:02;AUDUSD;-160.11;0;-1.84
2025.07.18 07:02;TOTAL;47.13;-;0.54
2025.07.18 07:03;NZDUSD;209.24;0;2.40
2025.07.18 07:03;AUDUSD;-160.11;0;-1.84
2025.07.18 07:03;TOTAL;49.13;-;0.56
2025.07.18 07:04;NZDUSD;210.24;0;2.41
2025.07.18 07:04;AUDUSD;-160.11;0;-1.84
2025.07.18 07:04;TOTAL;50.13;-;0.58
2025.07.18 07:05;NZDUSD;214.24;0;2.46
2025.07.18 07:05;AUDUSD;-166.11;0;-1.91
2025.07.18 07:05;TOTAL;48.13;-;0.55
2025.07.18 07:06;NZDUSD;205.24;0;2.35
2025.07.18 07:06;AUDUSD;-160.11;0;-1.84
2025.07.18 07:06;TOTAL;45.13;-;0.52
2025.07.18 07:07;NZDUSD;209.24;0;2.40
2025.07.18 07:07;AUDUSD;-164.11;0;-1.88
2025.07.18 07:07;TOTAL;45.13;-;0.52
2025.07.18 07:08;NZDUSD;206.24;0;2.37
2025.07.18 07:08;AUDUSD;-156.11;0;-1.79
2025.07.18 07:08;TOTAL;50.13;-;0.58
2025.07.18 07:09;NZDUSD;202.24;0;2.32
2025.07.18 07:09;AUDUSD;-152.11;0;-1.75
2025.07.18 07:09;TOTAL;50.13;-;0.58
2025.07.18 07:10;NZDUSD;189.24;0;2.17
2025.07.18 07:10;AUDUSD;-141.11;0;-1.62
2025.07.18 07:10;TOTAL;48.13;-;0.55
2025.07.18 07:11;NZDUSD;192.24;0;2.21
2025.07.18 07:11;AUDUSD;-141.11;0;-1.62
2025.07.18 07:11;TOTAL;51.13;-;0.59
2025.07.18 07:12;NZDUSD;190.24;0;2.18
2025.07.18 07:12;AUDUSD;-139.11;0;-1.60
2025.07.18 07:12;TOTAL;51.13;-;0.59
2025.07.18 07:13;NZDUSD;193.24;0;2.22
2025.07.18 07:13;AUDUSD;-141.11;0;-1.62
2025.07.18 07:13;TOTAL;52.13;-;0.60
2025.07.18 07:14;NZDUSD;196.24;0;2.25
2025.07.18 07:14;AUDUSD;-142.11;0;-1.63
2025.07.18 07:14;TOTAL;54.13;-;0.62
2025.07.18 07:15;NZDUSD;210.24;0;2.41
2025.07.18 07:15;AUDUSD;-150.11;0;-1.72
2025.07.18 07:15;TOTAL;60.13;-;0.69
2025.07.18 07:16;NZDUSD;202.24;0;2.32
2025.07.18 07:16;AUDUSD;-147.11;0;-1.69
2025.07.18 07:16;TOTAL;55.13;-;0.63
2025.07.18 07:17;NZDUSD;197.24;0;2.26
2025.07.18 07:17;AUDUSD;-141.11;0;-1.62
2025.07.18 07:17;TOTAL;56.13;-;0.64
2025.07.18 07:18;NZDUSD;190.24;0;2.18
2025.07.18 07:18;AUDUSD;-129.11;0;-1.48
2025.07.18 07:18;TOTAL;61.13;-;0.70
2025.07.18 07:19;NZDUSD;206.24;0;2.37
2025.07.18 07:19;AUDUSD;-147.11;0;-1.69
2025.07.18 07:19;TOTAL;59.13;-;0.68
2025.07.18 07:20;NZDUSD;215.24;0;2.47
2025.07.18 07:20;AUDUSD;-166.11;0;-1.91
2025.07.18 07:20;TOTAL;49.13;-;0.56
2025.07.18 07:21;NZDUSD;220.24;0;2.53
2025.07.18 07:21;AUDUSD;-172.11;0;-1.97
2025.07.18 07:21;TOTAL;48.13;-;0.55
2025.07.18 07:22;NZDUSD;215.24;0;2.47
2025.07.18 07:22;AUDUSD;-170.11;0;-1.95
2025.07.18 07:22;TOTAL;45.13;-;0.52
2025.07.18 07:23;NZDUSD;214.24;0;2.46
2025.07.18 07:23;AUDUSD;-166.11;0;-1.91
2025.07.18 07:23;TOTAL;48.13;-;0.55
2025.07.18 07:24;NZDUSD;218.24;0;2.50
2025.07.18 07:24;AUDUSD;-172.11;0;-1.97
2025.07.18 07:24;TOTAL;46.13;-;0.53
2025.07.18 07:25;NZDUSD;211.24;0;2.43
2025.07.18 07:25;AUDUSD;-166.11;0;-1.91
2025.07.18 07:25;AUDUSD;-0.50;168;-0.01
2025.07.18 07:25;TOTAL;44.63;-;0.51
2025.07.18 07:26;NZDUSD;212.24;0;2.44
2025.07.18 07:26;AUDUSD;-170.11;0;-1.96
2025.07.18 07:26;AUDUSD;-0.50;168;-0.01
2025.07.18 07:26;TOTAL;41.63;-;0.48
